index,tag,x,y,width,height,rotate,fill,fill_opacity,stroke,stroke_width,rx,opacity,shadow,blend,clip,mask,kind
1,rect,0,0,1280,7254,0,white,,,,,1,,,yes,,shape
2,rect,0,0,1280,7804,0,linear(#041049@0 #041B61@0.168309 #19118F@0.331771 #4934BF@0.509657 #967ADF@0.682734 #8ADCF7@0.841389 #DFF2F8@1),,,,,1,,,yes,,shape
3,rect,-133,6456,1566,881,0,image(1672x941),,,,,1,,,yes,,image
4,rect,324,7094,31,36,0,image(1002x1148),,,,,1,"0 0 9.3 0 rgba(0,0,0,0.5)",,yes,,image
5,path,428.8,7095.7,4.3,32.5,0,white,,,,,1,"0 0 9.3 0 rgba(0,0,0,0.5)",,yes,,shape
6,path,396.4,7104.9,27.4,23.4,0,white,,,,,1,"0 0 9.3 0 rgba(0,0,0,0.5)",,yes,,shape
7,path,369,7104.9,23.5,23.4,0,white,,,,,1,"0 0 9.3 0 rgba(0,0,0,0.5)",,yes,,shape
8,path,469,7111.4,2.1,2.1,0,white,,,,,1,"0 0 9.3 0 rgba(0,0,0,0.5)",,yes,,shape
9,path,466.8,7111.4,2.1,2.1,0,white,,,,,1,"0 0 9.3 0 rgba(0,0,0,0.5)",,yes,,shape
10,path,464.7,7113.6,2.1,2.2,0,white,,,,,1,"0 0 9.3 0 rgba(0,0,0,0.5)",,yes,,shape
11,path,464.7,7111.4,2.1,2.1,0,white,,,,,1,"0 0 9.3 0 rgba(0,0,0,0.5)",,yes,,shape
12,path,464.7,7109.3,2.1,2.2,0,white,,,,,1,"0 0 9.3 0 rgba(0,0,0,0.5)",,yes,,shape
13,path,462.5,7117.9,2.1,2.1,0,white,,,,,1,"0 0 9.3 0 rgba(0,0,0,0.5)",,yes,,shape
14,path,462.5,7115.7,2.1,2.1,0,white,,,,,1,"0 0 9.3 0 rgba(0,0,0,0.5)",,yes,,shape
15,path,462.5,7113.6,2.1,2.2,0,white,,,,,1,"0 0 9.3 0 rgba(0,0,0,0.5)",,yes,,shape
16,path,462.5,7111.4,2.1,2.1,0,white,,,,,1,"0 0 9.3 0 rgba(0,0,0,0.5)",,yes,,shape
17,path,462.5,7109.3,2.1,2.2,0,white,,,,,1,"0 0 9.3 0 rgba(0,0,0,0.5)",,yes,,shape
18,path,462.5,7107.1,2.1,2.1,0,white,,,,,1,"0 0 9.3 0 rgba(0,0,0,0.5)",,yes,,shape
19,path,462.5,7105,2.1,2.1,0,white,,,,,1,"0 0 9.3 0 rgba(0,0,0,0.5)",,yes,,shape
20,path,460.4,7113.6,2.1,2.2,0,white,,,,,1,"0 0 9.3 0 rgba(0,0,0,0.5)",,yes,,shape
21,path,460.4,7111.4,2.1,2.1,0,white,,,,,1,"0 0 9.3 0 rgba(0,0,0,0.5)",,yes,,shape
22,path,460.4,7109.3,2.1,2.2,0,white,,,,,1,"0 0 9.3 0 rgba(0,0,0,0.5)",,yes,,shape
23,path,458.3,7111.4,2.1,2.1,0,white,,,,,1,"0 0 9.3 0 rgba(0,0,0,0.5)",,yes,,shape
24,path,456.1,7111.4,2.1,2.1,0,white,,,,,1,"0 0 9.3 0 rgba(0,0,0,0.5)",,yes,,shape
25,path,480.3,7106.9,55.6,12.9,0,white,,,,,1,"0 0 9.3 0 rgba(0,0,0,0.5)",,yes,,shape
26,path,592,7111.4,2.1,2.1,0,white,,,,,1,"0 0 9.3 0 rgba(0,0,0,0.5)",,yes,,shape
27,path,589.8,7111.4,2.1,2.1,0,white,,,,,1,"0 0 9.3 0 rgba(0,0,0,0.5)",,yes,,shape
28,path,587.7,7113.6,2.1,2.2,0,white,,,,,1,"0 0 9.3 0 rgba(0,0,0,0.5)",,yes,,shape
29,path,587.7,7111.4,2.1,2.1,0,white,,,,,1,"0 0 9.3 0 rgba(0,0,0,0.5)",,yes,,shape
30,path,587.7,7109.3,2.1,2.2,0,white,,,,,1,"0 0 9.3 0 rgba(0,0,0,0.5)",,yes,,shape
31,path,585.6,7117.9,2.1,2.1,0,white,,,,,1,"0 0 9.3 0 rgba(0,0,0,0.5)",,yes,,shape
32,path,585.6,7115.7,2.1,2.1,0,white,,,,,1,"0 0 9.3 0 rgba(0,0,0,0.5)",,yes,,shape
33,path,585.6,7113.6,2.1,2.2,0,white,,,,,1,"0 0 9.3 0 rgba(0,0,0,0.5)",,yes,,shape
34,path,585.6,7111.4,2.1,2.1,0,white,,,,,1,"0 0 9.3 0 rgba(0,0,0,0.5)",,yes,,shape
35,path,585.6,7109.3,2.1,2.2,0,white,,,,,1,"0 0 9.3 0 rgba(0,0,0,0.5)",,yes,,shape
36,path,585.6,7107.1,2.1,2.1,0,white,,,,,1,"0 0 9.3 0 rgba(0,0,0,0.5)",,yes,,shape
37,path,585.6,7105,2.1,2.1,0,white,,,,,1,"0 0 9.3 0 rgba(0,0,0,0.5)",,yes,,shape
38,path,583.4,7113.6,2.1,2.2,0,white,,,,,1,"0 0 9.3 0 rgba(0,0,0,0.5)",,yes,,shape
39,path,583.4,7111.4,2.1,2.1,0,white,,,,,1,"0 0 9.3 0 rgba(0,0,0,0.5)",,yes,,shape
40,path,583.4,7109.3,2.1,2.2,0,white,,,,,1,"0 0 9.3 0 rgba(0,0,0,0.5)",,yes,,shape
41,path,581.3,7111.4,2.1,2.1,0,white,,,,,1,"0 0 9.3 0 rgba(0,0,0,0.5)",,yes,,shape
42,path,579.1,7111.4,2.1,2.1,0,white,,,,,1,"0 0 9.3 0 rgba(0,0,0,0.5)",,yes,,shape
43,path,603.3,7106.9,63.3,12.9,0,white,,,,,1,"0 0 9.3 0 rgba(0,0,0,0.5)",,yes,,shape
44,path,723,7111.4,2.1,2.1,0,white,,,,,1,"0 0 9.3 0 rgba(0,0,0,0.5)",,yes,,shape
45,path,720.8,7111.4,2.1,2.1,0,white,,,,,1,"0 0 9.3 0 rgba(0,0,0,0.5)",,yes,,shape
46,path,718.7,7113.6,2.1,2.2,0,white,,,,,1,"0 0 9.3 0 rgba(0,0,0,0.5)",,yes,,shape
47,path,718.7,7111.4,2.1,2.1,0,white,,,,,1,"0 0 9.3 0 rgba(0,0,0,0.5)",,yes,,shape
48,path,718.7,7109.3,2.1,2.2,0,white,,,,,1,"0 0 9.3 0 rgba(0,0,0,0.5)",,yes,,shape
49,path,716.6,7117.9,2.1,2.1,0,white,,,,,1,"0 0 9.3 0 rgba(0,0,0,0.5)",,yes,,shape
50,path,716.6,7115.7,2.1,2.1,0,white,,,,,1,"0 0 9.3 0 rgba(0,0,0,0.5)",,yes,,shape
51,path,716.6,7113.6,2.1,2.2,0,white,,,,,1,"0 0 9.3 0 rgba(0,0,0,0.5)",,yes,,shape
52,path,716.6,7111.4,2.1,2.1,0,white,,,,,1,"0 0 9.3 0 rgba(0,0,0,0.5)",,yes,,shape
53,path,716.6,7109.3,2.1,2.2,0,white,,,,,1,"0 0 9.3 0 rgba(0,0,0,0.5)",,yes,,shape
54,path,716.6,7107.1,2.1,2.1,0,white,,,,,1,"0 0 9.3 0 rgba(0,0,0,0.5)",,yes,,shape
55,path,716.6,7105,2.1,2.1,0,white,,,,,1,"0 0 9.3 0 rgba(0,0,0,0.5)",,yes,,shape
56,path,714.4,7113.6,2.1,2.2,0,white,,,,,1,"0 0 9.3 0 rgba(0,0,0,0.5)",,yes,,shape
57,path,714.4,7111.4,2.1,2.1,0,white,,,,,1,"0 0 9.3 0 rgba(0,0,0,0.5)",,yes,,shape
58,path,714.4,7109.3,2.1,2.2,0,white,,,,,1,"0 0 9.3 0 rgba(0,0,0,0.5)",,yes,,shape
59,path,712.3,7111.4,2.1,2.1,0,white,,,,,1,"0 0 9.3 0 rgba(0,0,0,0.5)",,yes,,shape
60,path,710.1,7111.4,2.1,2.1,0,white,,,,,1,"0 0 9.3 0 rgba(0,0,0,0.5)",,yes,,shape
61,path,734.3,7106.9,75.6,12.9,0,white,,,,,1,"0 0 9.3 0 rgba(0,0,0,0.5)",,yes,,shape
62,path,867,7111.4,2.1,2.1,0,white,,,,,1,"0 0 9.3 0 rgba(0,0,0,0.5)",,yes,,shape
63,path,864.9,7111.4,2.1,2.1,0,white,,,,,1,"0 0 9.3 0 rgba(0,0,0,0.5)",,yes,,shape
64,path,862.7,7113.6,2.1,2.2,0,white,,,,,1,"0 0 9.3 0 rgba(0,0,0,0.5)",,yes,,shape
65,path,862.7,7111.4,2.1,2.1,0,white,,,,,1,"0 0 9.3 0 rgba(0,0,0,0.5)",,yes,,shape
66,path,862.7,7109.3,2.1,2.2,0,white,,,,,1,"0 0 9.3 0 rgba(0,0,0,0.5)",,yes,,shape
67,path,860.6,7117.9,2.1,2.1,0,white,,,,,1,"0 0 9.3 0 rgba(0,0,0,0.5)",,yes,,shape
68,path,860.6,7115.7,2.1,2.1,0,white,,,,,1,"0 0 9.3 0 rgba(0,0,0,0.5)",,yes,,shape
69,path,860.6,7113.6,2.1,2.2,0,white,,,,,1,"0 0 9.3 0 rgba(0,0,0,0.5)",,yes,,shape
70,path,860.6,7111.4,2.1,2.1,0,white,,,,,1,"0 0 9.3 0 rgba(0,0,0,0.5)",,yes,,shape
71,path,860.6,7109.3,2.1,2.2,0,white,,,,,1,"0 0 9.3 0 rgba(0,0,0,0.5)",,yes,,shape
72,path,860.6,7107.1,2.1,2.1,0,white,,,,,1,"0 0 9.3 0 rgba(0,0,0,0.5)",,yes,,shape
73,path,860.6,7105,2.1,2.1,0,white,,,,,1,"0 0 9.3 0 rgba(0,0,0,0.5)",,yes,,shape
74,path,858.4,7113.6,2.1,2.2,0,white,,,,,1,"0 0 9.3 0 rgba(0,0,0,0.5)",,yes,,shape
75,path,858.4,7111.4,2.1,2.1,0,white,,,,,1,"0 0 9.3 0 rgba(0,0,0,0.5)",,yes,,shape
76,path,858.4,7109.3,2.1,2.2,0,white,,,,,1,"0 0 9.3 0 rgba(0,0,0,0.5)",,yes,,shape
77,path,856.3,7111.4,2.1,2.1,0,white,,,,,1,"0 0 9.3 0 rgba(0,0,0,0.5)",,yes,,shape
78,path,854.1,7111.4,2.1,2.1,0,white,,,,,1,"0 0 9.3 0 rgba(0,0,0,0.5)",,yes,,shape
79,path,878.3,7106.9,75.1,12.9,0,white,,,,,1,"0 0 9.3 0 rgba(0,0,0,0.5)",,yes,,shape
80,path,0,0,1280,56,0,#F6F6F6,,,,,1,,,yes,,text?
81,path,0,54,1280,4,0,#1B1C22,,,,,1,,,yes,yes,text?
82,rect,-1,-13,172,70,0,#F6F6F6,,,,,1,,,yes,,shape
83,rect,-1,-13,172,70,0,none,,#1B1C22,2,,1,,,yes,,shape
84,path,54.9,25.4,2.1,2.1,0,#1B1C22,,,,,1,,,yes,,shape
85,path,52.7,25.4,2.1,2.1,0,#1B1C22,,,,,1,,,yes,,shape
86,path,50.6,27.6,2.1,2.1,0,#1B1C22,,,,,1,,,yes,,shape
87,path,50.6,25.4,2.1,2.1,0,#1B1C22,,,,,1,,,yes,,shape
88,path,50.6,23.3,2.1,2.1,0,#1B1C22,,,,,1,,,yes,,shape
89,path,48.4,31.9,2.1,2.1,0,#1B1C22,,,,,1,,,yes,,shape
90,path,48.4,29.7,2.1,2.1,0,#1B1C22,,,,,1,,,yes,,shape
91,path,48.4,27.6,2.1,2.1,0,#1B1C22,,,,,1,,,yes,,shape
92,path,48.4,25.4,2.1,2.1,0,#1B1C22,,,,,1,,,yes,,shape
93,path,48.4,23.3,2.1,2.1,0,#1B1C22,,,,,1,,,yes,,shape
94,path,48.4,21.1,2.1,2.1,0,#1B1C22,,,,,1,,,yes,,shape
95,path,48.4,19,2.1,2.1,0,#1B1C22,,,,,1,,,yes,,shape
96,path,46.3,27.6,2.1,2.1,0,#1B1C22,,,,,1,,,yes,,shape
97,path,46.3,25.4,2.1,2.1,0,#1B1C22,,,,,1,,,yes,,shape
98,path,46.3,23.3,2.1,2.1,0,#1B1C22,,,,,1,,,yes,,shape
99,path,44.1,25.4,2.1,2.1,0,#1B1C22,,,,,1,,,yes,,shape
100,path,42,25.4,2.1,2.1,0,#1B1C22,,,,,1,,,yes,,shape
101,path,66.2,20.9,55.6,12.9,0,#1B1C22,,,,,1,,,yes,,text?
102,path,65.2,19.9,57.6,14.9,0,#EDEDED,,,,,1,,,yes,yes,text?
103,rect,169,-13,172,70,0,#F6F6F6,,,,,1,,,yes,,shape
104,rect,169,-13,172,70,0,none,,#1B1C22,2,,1,,,yes,,shape
105,path,214.4,25.4,2.1,2.1,0,#1B1C22,,,,,1,,,yes,,shape
106,path,212.2,25.4,2.1,2.1,0,#1B1C22,,,,,1,,,yes,,shape
107,path,210.1,27.6,2.1,2.1,0,#1B1C22,,,,,1,,,yes,,shape
108,path,210.1,25.4,2.1,2.1,0,#1B1C22,,,,,1,,,yes,,shape
109,path,210.1,23.3,2.1,2.1,0,#1B1C22,,,,,1,,,yes,,shape
110,path,207.9,31.9,2.1,2.1,0,#1B1C22,,,,,1,,,yes,,shape
111,path,207.9,29.7,2.1,2.1,0,#1B1C22,,,,,1,,,yes,,shape
112,path,207.9,27.6,2.1,2.1,0,#1B1C22,,,,,1,,,yes,,shape
113,path,207.9,25.4,2.1,2.1,0,#1B1C22,,,,,1,,,yes,,shape
114,path,207.9,23.3,2.1,2.1,0,#1B1C22,,,,,1,,,yes,,shape
115,path,207.9,21.1,2.1,2.1,0,#1B1C22,,,,,1,,,yes,,shape
116,path,207.9,19,2.1,2.1,0,#1B1C22,,,,,1,,,yes,,shape
117,path,205.8,27.6,2.1,2.1,0,#1B1C22,,,,,1,,,yes,,shape
118,path,205.8,25.4,2.1,2.1,0,#1B1C22,,,,,1,,,yes,,shape
119,path,205.8,23.3,2.1,2.1,0,#1B1C22,,,,,1,,,yes,,shape
120,path,203.6,25.4,2.1,2.1,0,#1B1C22,,,,,1,,,yes,,shape
121,path,201.5,25.4,2.1,2.1,0,#1B1C22,,,,,1,,,yes,,shape
122,path,225.7,20.9,75.6,12.9,0,#1B1C22,,,,,1,,,yes,,text?
123,path,224.7,19.9,77.6,14.9,0,#EDEDED,,,,,1,,,yes,yes,text?
124,rect,339,-13,172,70,0,#F6F6F6,,,,,1,,,yes,,shape
125,rect,339,-13,172,70,0,none,,#1B1C22,2,,1,,,yes,,shape
126,path,384.9,25.4,2.1,2.1,0,#1B1C22,,,,,1,,,yes,,shape
127,path,382.7,25.4,2.1,2.1,0,#1B1C22,,,,,1,,,yes,,shape
128,path,380.6,27.6,2.1,2.1,0,#1B1C22,,,,,1,,,yes,,shape
129,path,380.6,25.4,2.1,2.1,0,#1B1C22,,,,,1,,,yes,,shape
130,path,380.6,23.3,2.1,2.1,0,#1B1C22,,,,,1,,,yes,,shape
131,path,378.4,31.9,2.1,2.1,0,#1B1C22,,,,,1,,,yes,,shape
132,path,378.4,29.7,2.1,2.1,0,#1B1C22,,,,,1,,,yes,,shape
133,path,378.4,27.6,2.1,2.1,0,#1B1C22,,,,,1,,,yes,,shape
134,path,378.4,25.4,2.1,2.1,0,#1B1C22,,,,,1,,,yes,,shape
135,path,378.4,23.3,2.1,2.1,0,#1B1C22,,,,,1,,,yes,,shape
136,path,378.4,21.1,2.1,2.1,0,#1B1C22,,,,,1,,,yes,,shape
137,path,378.4,19,2.1,2.1,0,#1B1C22,,,,,1,,,yes,,shape
138,path,376.3,27.6,2.1,2.1,0,#1B1C22,,,,,1,,,yes,,shape
139,path,376.3,25.4,2.1,2.1,0,#1B1C22,,,,,1,,,yes,,shape
140,path,376.3,23.3,2.1,2.1,0,#1B1C22,,,,,1,,,yes,,shape
141,path,374.1,25.4,2.1,2.1,0,#1B1C22,,,,,1,,,yes,,shape
142,path,372,25.4,2.1,2.1,0,#1B1C22,,,,,1,,,yes,,shape
143,path,396.2,20.9,75.1,12.9,0,#1B1C22,,,,,1,,,yes,,text?
144,path,395.2,19.9,77.1,14.9,0,#EDEDED,,,,,1,,,yes,yes,text?
145,rect,509,-13,171,70,0,#F6F6F6,,,,,1,,,yes,,shape
146,rect,509,-13,171,70,0,none,,#1B1C22,2,,1,,,yes,,shape
147,path,560.4,25.4,2.1,2.1,0,#1B1C22,,,,,1,,,yes,,shape
148,path,558.2,25.4,2.1,2.1,0,#1B1C22,,,,,1,,,yes,,shape
149,path,556.1,27.6,2.1,2.1,0,#1B1C22,,,,,1,,,yes,,shape
150,path,556.1,25.4,2.1,2.1,0,#1B1C22,,,,,1,,,yes,,shape
151,path,556.1,23.3,2.1,2.1,0,#1B1C22,,,,,1,,,yes,,shape
152,path,553.9,31.9,2.1,2.1,0,#1B1C22,,,,,1,,,yes,,shape
153,path,553.9,29.7,2.1,2.1,0,#1B1C22,,,,,1,,,yes,,shape
154,path,553.9,27.6,2.1,2.1,0,#1B1C22,,,,,1,,,yes,,shape
155,path,553.9,25.4,2.1,2.1,0,#1B1C22,,,,,1,,,yes,,shape
156,path,553.9,23.3,2.1,2.1,0,#1B1C22,,,,,1,,,yes,,shape
157,path,553.9,21.1,2.1,2.1,0,#1B1C22,,,,,1,,,yes,,shape
158,path,553.9,19,2.1,2.1,0,#1B1C22,,,,,1,,,yes,,shape
159,path,551.8,27.6,2.1,2.1,0,#1B1C22,,,,,1,,,yes,,shape
160,path,551.8,25.4,2.1,2.1,0,#1B1C22,,,,,1,,,yes,,shape
161,path,551.8,23.3,2.1,2.1,0,#1B1C22,,,,,1,,,yes,,shape
162,path,549.6,25.4,2.1,2.1,0,#1B1C22,,,,,1,,,yes,,shape
163,path,547.5,25.4,2.1,2.1,0,#1B1C22,,,,,1,,,yes,,shape
164,path,571.7,20.9,63.3,12.9,0,#1B1C22,,,,,1,,,yes,,text?
165,path,570.7,19.9,65.3,14.9,0,#EDEDED,,,,,1,,,yes,yes,text?
166,rect,1148,9,31,36,0,image(1002x1148),,,,,1,,,yes,,image
167,path,1252.8,10.7,4.3,32.5,0,#1B1C22,,,,,1,,,yes,,shape
168,path,1220.4,19.9,27.4,23.4,0,#1B1C22,,,,,1,,,yes,,shape
169,path,1193,19.9,23.5,23.4,0,#1B1C22,,,,,1,,,yes,,shape
170,path,755.7,954,5.1,6,0,#FFE1BC,,,,,0.39,,,yes,,shape
171,path,760.8,947.9,5.1,6,0,#FFE1BC,,,,,0.39,,,yes,,shape
172,path,750.5,947.9,5.1,6,0,#FFE1BC,,,,,0.39,,,yes,,shape
173,path,210.8,947.9,5.1,6,0,#FFEAD5,,,,,0.39,,,yes,,shape
174,path,1233.7,941.9,5.1,6,0,#FFEAD5,,,,,0.39,,,yes,,shape
175,path,1228.6,941.9,5.2,6,0,#FFEAD5,,,,,0.39,,,yes,,shape
176,path,755.7,941.9,5.1,6,0,#FFE1BC,,,,,0.39,,,yes,,shape
177,path,529.5,941.9,5.1,6,0,#FFEAD5,,,,,0.39,,,yes,,shape
178,path,1233.7,935.9,5.1,6,0,#FFEAD5,,,,,0.39,,,yes,,shape
179,path,1228.6,935.9,5.2,6,0,#FFEAD5,,,,,0.39,,,yes,,shape
180,path,951,929.9,5.1,6,0,#FFEAD5,,,,,0.39,,,yes,,shape
181,path,498.6,917.8,5.1,6,0,#FFEAD5,,,,,0.39,,,yes,,shape
182,path,904.7,899.7,5.1,6,0,#FFEAD5,,,,,0.39,,,yes,,shape
183,path,539.8,899.7,5.1,6,0,#FFEAD5,,,,,0.39,,,yes,,shape
184,path,46.3,893.7,5.1,6,0,#FFE1BC,,,,,0.39,,,yes,,shape
185,path,920.2,887.7,5.1,6,0,#FFEAD5,,,,,0.39,,,yes,,shape
186,path,51.4,887.7,5.1,6,0,#FFE1BC,,,,,0.39,,,yes,,shape
187,path,46.3,887.7,5.1,6,0,#FFEAD5,,,,,0.39,,,yes,,shape
188,path,41.1,887.7,5.1,6,0,#FFE1BC,,,,,0.39,,,yes,,shape
189,path,46.3,881.7,5.1,6,0,#FFE1BC,,,,,0.39,,,yes,,shape
190,path,390.7,845.5,5.1,6,0,#FFEAD5,,,,,0.39,,,yes,,shape
191,path,385.5,845.5,5.1,6,0,#FFEAD5,,,,,0.39,,,yes,,shape
192,path,390.7,839.5,5.1,6,0,#FFEAD5,,,,,0.39,,,yes,,shape
193,path,385.5,839.5,5.1,6,0,#FFEAD5,,,,,0.39,,,yes,,shape
194,path,1074.4,827.4,5.1,6,0,#FFE1BC,,,,,0.39,,,yes,,shape
195,path,1074.4,821.4,5.1,6,0,#FFE1BC,,,,,0.39,,,yes,,shape
196,path,1079.5,815.4,5.1,6,0,#FFE1BC,,,,,0.39,,,yes,,shape
197,path,1074.4,815.4,5.1,6,0,#E8FFF4,,,,,0.39,,,yes,,shape
198,path,1069.2,815.4,5.1,6,0,#FFE1BC,,,,,0.39,,,yes,,shape
199,path,1089.8,809.3,5.1,6,0,#FFE1BC,,,,,0.39,,,yes,,shape
200,path,1084.7,809.3,5.1,6,0,#FFE1BC,,,,,0.39,,,yes,,shape
201,path,1079.5,809.3,5.1,6,0,#E8FFF4,,,,,0.39,,,yes,,shape
202,path,1074.4,809.3,5.1,6,0,#E8FFF4,,,,,0.39,,,yes,,shape
203,path,1069.2,809.3,5.1,6,0,#E8FFF4,,,,,0.39,,,yes,,shape
204,path,1064.1,809.3,5.1,6,0,#FFE1BC,,,,,0.39,,,yes,,shape
205,path,1059,809.3,5.1,6,0,#FFE1BC,,,,,0.39,,,yes,,shape
206,path,1079.5,803.3,5.1,6,0,#FFE1BC,,,,,0.39,,,yes,,shape
207,path,1074.4,803.3,5.1,6,0,#E8FFF4,,,,,0.39,,,yes,,shape
208,path,1069.2,803.3,5.1,6,0,#FFE1BC,,,,,0.39,,,yes,,shape
209,path,1074.4,797.3,5.1,6,0,#FFE1BC,,,,,0.39,,,yes,,shape
210,path,1074.4,791.3,5.1,6,0,#FFE1BC,,,,,0.39,,,yes,,shape
211,path,267.3,767.1,5.1,6,0,#FFEAD5,,,,,0.39,,,yes,,shape
212,path,262.2,767.1,5.1,6,0,#FFEAD5,,,,,0.39,,,yes,,shape
213,path,1120.6,761.1,5.1,6,0,#FFEAD5,,,,,0.39,,,yes,,shape
214,path,267.3,761.1,5.1,6,0,#FFEAD5,,,,,0.39,,,yes,,shape
215,path,262.2,761.1,5.1,6,0,#FFE1BC,,,,,0.39,,,yes,,shape
216,path,102.8,761.1,5.1,6,0,#FFEAD5,,,,,0.39,,,yes,,shape
217,path,894.5,755.1,5.1,6,0,#FFE1BC,,,,,0.39,,,yes,,shape
218,path,853.3,755.1,5.1,6,0,#FFE1BC,,,,,0.39,,,yes,,shape
219,path,848.2,755.1,5.1,6,0,#E8FFF4,,,,,0.39,,,yes,,shape
220,path,534.6,755.1,5.1,6,0,#FFEAD5,,,,,0.39,,,yes,,shape
221,path,257,755.1,5.1,6,0,#FFEAD5,,,,,0.39,,,yes,,shape
222,path,853.3,749.1,5.1,6,0,#E8FFF4,,,,,0.39,,,yes,,shape
223,path,848.2,749.1,5.1,6,0,#FFE1BC,,,,,0.39,,,yes,,shape
224,path,251.9,749.1,5.1,6,0,#FFE1BC,,,,,0.39,,,yes,,shape
225,path,246.7,743,5.1,6,0,#FFE1BC,,,,,0.39,,,yes,,shape
226,path,236.5,731,5.1,6,0,#FFE1BC,,,,,0.39,,,yes,,shape
227,path,231.3,725,5.1,6,0,#FFE1BC,,,,,0.39,,,yes,,shape
228,path,221,712.9,5.1,6,0,#FFE1BC,,,,,0.39,,,yes,,shape
229,path,30.8,706.9,5.1,6,0,#FFE1BC,,,,,0.39,,,yes,,shape
230,path,25.7,706.9,5.1,6,0,#FFE1BC,,,,,0.39,,,yes,,shape
231,path,210.8,700.9,5.1,6,0,#FFE1BC,,,,,0.39,,,yes,,shape
232,path,30.8,700.9,5.1,6,0,#FFE1BC,,,,,0.39,,,yes,,shape
233,path,25.7,700.9,5.1,6,0,#FFE1BC,,,,,0.39,,,yes,,shape
234,path,15.4,676.7,5.1,6,0,#FFEAD5,,,,,0.39,,,yes,,shape
235,path,10.3,676.7,5.1,6,0,#FFEAD5,,,,,0.39,,,yes,,shape
236,path,15.4,670.7,5.1,6,0,#FFEAD5,,,,,0.39,,,yes,,shape
237,path,10.3,670.7,5.1,6,0,#FFEAD5,,,,,0.39,,,yes,,shape
238,path,663.1,658.7,5.1,6,0,#FFEAD5,,,,,0.39,,,yes,,shape
239,path,1161.8,646.6,5.1,6,0,#FF84C7,,,,,0.39,,,yes,,shape
240,path,1156.6,646.6,5.1,6,0,#FFEAD5,,,,,0.39,,,yes,,shape
241,path,1161.8,640.6,5.1,6,0,#FFEAD5,,,,,0.39,,,yes,,shape
242,path,1156.6,640.6,5.1,6,0,#FF84C7,,,,,0.39,,,yes,,shape
243,path,694,640.6,5.1,6,0,#FFEAD5,,,,,0.39,,,yes,,shape
244,path,431.8,622.5,5.1,6,0,#FFEAD5,,,,,0.39,,,yes,,shape
245,path,426.7,622.5,5.1,6,0,#FFEAD5,,,,,0.39,,,yes,,shape
246,path,431.8,616.5,5.1,6,0,#FFEAD5,,,,,0.39,,,yes,,shape
247,path,426.7,616.5,5.1,6,0,#FFEAD5,,,,,0.39,,,yes,,shape
248,path,1187.5,592.4,5.1,6,0,#FF84C7,,,,,0.39,,,yes,,shape
249,path,1028.1,580.3,5.1,6,0,#FFE1BC,,,,,0.39,,,yes,,shape
250,path,997.3,574.3,5.1,6,0,#FFE1BC,,,,,0.39,,,yes,,shape
251,path,992.1,574.3,5.1,6,0,#FFE1BC,,,,,0.39,,,yes,,shape
252,path,997.3,568.3,5.1,6,0,#FFE1BC,,,,,0.39,,,yes,,shape
253,path,992.1,568.3,5.1,6,0,#FFE1BC,,,,,0.39,,,yes,,shape
254,path,241.6,568.3,5.1,6,0,#FFE1BC,,,,,0.39,,,yes,,shape
255,path,858.5,562.2,5.1,6,0,#FFEAD5,,,,,0.39,,,yes,,shape
256,path,622,562.2,5.1,6,0,#FF84C7,,,,,0.39,,,yes,,shape
257,path,627.1,556.2,5.1,6,0,#FF84C7,,,,,0.39,,,yes,,shape
258,path,622,556.2,5.1,6,0,#FFEAD5,,,,,0.39,,,yes,,shape
259,path,616.9,556.2,5.1,6,0,#FF84C7,,,,,0.39,,,yes,,shape
260,path,1028.1,550.2,5.1,6,0,#FFEAD5,,,,,0.39,,,yes,,shape
261,path,1023,550.2,5.1,6,0,#FFEAD5,,,,,0.39,,,yes,,shape
262,path,622,550.2,5.1,6,0,#FF84C7,,,,,0.39,,,yes,,shape
263,path,1028.1,544.2,5.1,6,0,#FFEAD5,,,,,0.39,,,yes,,shape
264,path,1023,544.2,5.1,6,0,#FFEAD5,,,,,0.39,,,yes,,shape
265,path,673.4,502,5.1,6,0,#FF84C7,,,,,0.39,,,yes,,shape
266,path,668.3,502,5.1,6,0,#FF84C7,,,,,0.39,,,yes,,shape
267,path,673.4,495.9,5.1,6,0,#FF84C7,,,,,0.39,,,yes,,shape
268,path,668.3,495.9,5.1,6,0,#FF84C7,,,,,0.39,,,yes,,shape
269,path,56.5,483.9,5.1,6,0,#FFEAD5,,,,,0.39,,,yes,,shape
270,path,1233.7,465.8,5.1,6,0,#FF84C7,,,,,0.39,,,yes,,shape
271,path,1238.9,459.8,5.1,6,0,#FF84C7,,,,,0.39,,,yes,,shape
272,path,1233.7,459.8,5.1,6,0,#FFEAD5,,,,,0.39,,,yes,,shape
273,path,1228.6,459.8,5.2,6,0,#FF84C7,,,,,0.39,,,yes,,shape
274,path,215.9,459.8,5.1,6,0,#FFEAD5,,,,,0.39,,,yes,,shape
275,path,1233.7,453.8,5.1,6,0,#FF84C7,,,,,0.39,,,yes,,shape
276,path,313.6,453.8,5.1,6,0,#FFEAD5,,,,,0.39,,,yes,,shape
277,path,308.4,453.8,5.1,6,0,#FFEAD5,,,,,0.39,,,yes,,shape
278,path,30.8,453.8,5.1,6,0,#FF84C7,,,,,0.39,,,yes,,shape
279,path,313.6,447.7,5.1,6,0,#FFEAD5,,,,,0.39,,,yes,,shape
280,path,308.4,447.7,5.1,6,0,#FFEAD5,,,,,0.39,,,yes,,shape
281,path,36,447.7,5.1,6,0,#FF84C7,,,,,0.39,,,yes,,shape
282,path,25.7,447.7,5.1,6,0,#FF84C7,,,,,0.39,,,yes,,shape
283,path,30.8,441.7,5.1,6,0,#FF84C7,,,,,0.39,,,yes,,shape
284,path,508.9,417.6,5.1,6,0,#FF8BC7,,,,,0.39,,,yes,,shape
285,path,462.7,417.6,5.1,6,0,#FF8BC7,,,,,0.39,,,yes,,shape
286,path,462.7,411.6,5.1,6,0,#FF8BC7,,,,,0.39,,,yes,,shape
287,path,776.2,405.5,5.1,6,0,#FF84C7,,,,,0.39,,,yes,,shape
288,path,467.8,405.5,5.1,6,0,#FF8BC7,,,,,0.39,,,yes,,shape
289,path,462.7,405.5,5.1,6,0,#FFEAD5,,,,,0.39,,,yes,,shape
290,path,457.5,405.5,5.1,6,0,#FF8BC7,,,,,0.39,,,yes,,shape
291,path,832.8,399.5,5.1,6,0,#FFEAD5,,,,,0.39,,,yes,,shape
292,path,478.1,399.5,5.1,6,0,#FF8BC7,,,,,0.39,,,yes,,shape
293,path,472.9,399.5,5.1,6,0,#FF8BC7,,,,,0.39,,,yes,,shape
294,path,467.8,399.5,5.1,6,0,#FFEAD5,,,,,0.39,,,yes,,shape
295,path,462.7,399.5,5.1,6,0,#FFEAD5,,,,,0.39,,,yes,,shape
296,path,457.5,399.5,5.1,6,0,#FFEAD5,,,,,0.39,,,yes,,shape
297,path,452.4,399.5,5.1,6,0,#FF8BC7,,,,,0.39,,,yes,,shape
298,path,447.2,399.5,5.1,6,0,#FF8BC7,,,,,0.39,,,yes,,shape
299,path,966.4,393.5,5.1,6,0,#FFE1BC,,,,,0.39,,,yes,,shape
300,path,961.3,393.5,5.1,6,0,#FFE1BC,,,,,0.39,,,yes,,shape
301,path,467.8,393.5,5.1,6,0,#FF8BC7,,,,,0.39,,,yes,,shape
302,path,462.7,393.5,5.1,6,0,#FFEAD5,,,,,0.39,,,yes,,shape
303,path,457.5,393.5,5.1,6,0,#FF8BC7,,,,,0.39,,,yes,,shape
304,path,971.6,387.5,5.1,6,0,#FF808D,,,,,0.39,,,yes,,shape
305,path,966.4,387.5,5.1,6,0,#FFE1BC,,,,,0.39,,,yes,,shape
306,path,961.3,387.5,5.1,6,0,#FFE1BC,,,,,0.39,,,yes,,shape
307,path,462.7,387.5,5.1,6,0,#FF8BC7,,,,,0.39,,,yes,,shape
308,path,971.6,381.4,5.1,6,0,#FF808D,,,,,0.39,,,yes,,shape
309,path,966.4,381.4,5.1,6,0,#FF808D,,,,,0.39,,,yes,,shape
310,path,822.5,381.4,5.1,6,0,#B96DFF,,,,,0.39,,,yes,,shape
311,path,462.7,381.4,5.1,6,0,#FF8BC7,,,,,0.39,,,yes,,shape
312,path,976.7,375.4,5.1,6,0,#FF69AA,,,,,0.39,,,yes,,shape
313,path,981.8,369.4,5.1,6,0,#FF69AA,,,,,0.39,,,yes,,shape
314,path,1172.1,363.4,5.1,6,0,#FFE1BC,,,,,0.39,,,yes,,shape
315,path,987,363.4,5.1,6,0,#FF69AA,,,,,0.39,,,yes,,shape
316,path,992.1,357.3,5.1,6,0,#FF69AA,,,,,0.39,,,yes,,shape
317,path,997.3,351.3,5.1,6,0,#FF69AA,,,,,0.39,,,yes,,shape
318,path,1007.6,339.3,5.1,6,0,#FF69AA,,,,,0.39,,,yes,,shape
319,path,1012.7,333.2,5.1,6,0,#FF69AA,,,,,0.39,,,yes,,shape
320,path,622,333.2,5.1,6,0,#FFE1BC,,,,,0.39,,,yes,,shape
321,path,128.5,327.2,5.1,6,0,#FFEAD5,,,,,0.39,,,yes,,shape
322,path,1023,321.2,5.1,6,0,#FF69AA,,,,,0.39,,,yes,,shape
323,path,1033.3,309.1,5.1,6,0,#FF84C7,,,,,0.39,,,yes,,shape
324,path,1048.7,291,5.1,6,0,#FF84C7,,,,,0.39,,,yes,,shape
325,path,334.1,291,5.1,6,0,#FFE1BC,,,,,0.39,,,yes,,shape
326,path,1064.1,273,5.1,6,0,#FF84C7,,,,,0.39,,,yes,,shape
327,path,889.3,242.8,5.1,6,0,#FF84C7,,,,,0.39,,,yes,,shape
328,path,894.5,236.8,5.1,6,0,#FF84C7,,,,,0.39,,,yes,,shape
329,path,884.2,236.8,5.1,6,0,#FF84C7,,,,,0.39,,,yes,,shape
330,path,889.3,230.8,5.1,6,0,#FF84C7,,,,,0.39,,,yes,,shape
331,path,642.6,218.7,5.1,6,0,#D09DFF,,,,,0.39,,,yes,,shape
332,path,236.5,212.7,5.1,6,0,#FF84C7,,,,,0.39,,,yes,,shape
333,path,231.3,212.7,5.1,6,0,#FF84C7,,,,,0.39,,,yes,,shape
334,path,493.5,206.7,5.1,6,0,#FFE1BC,,,,,0.39,,,yes,,shape
335,path,488.4,206.7,5.1,6,0,#FFE1BC,,,,,0.39,,,yes,,shape
336,path,236.5,206.7,5.1,6,0,#FF84C7,,,,,0.39,,,yes,,shape
337,path,231.3,206.7,5.1,6,0,#FF84C7,,,,,0.39,,,yes,,shape
338,path,493.5,200.6,5.1,6,0,#FFE1BC,,,,,0.39,,,yes,,shape
339,path,488.4,200.6,5.1,6,0,#FFE1BC,,,,,0.39,,,yes,,shape
340,path,1228.6,194.6,5.2,6,0,#FFEAD5,,,,,0.39,,,yes,,shape
341,path,277.6,194.6,5.1,6,0,#FFEAD5,,,,,0.39,,,yes,,shape
342,path,215.9,188.6,5.1,6,0,#FFEAD5,,,,,0.39,,,yes,,shape
343,path,102.8,188.6,5.1,6,0,#FFEAD5,,,,,0.39,,,yes,,shape
344,path,1100.1,182.6,5.1,6,0,#FFE1BC,,,,,0.39,,,yes,,shape
345,path,1208,170.5,5.1,6,0,#B96DFF,,,,,0.39,,,yes,,shape
346,path,622,170.5,5.1,6,0,#D09DFF,,,,,0.39,,,yes,,shape
347,path,616.9,170.5,5.1,6,0,#FFEAD5,,,,,0.39,,,yes,,shape
348,path,205.6,170.5,5.1,6,0,#FFEAD5,,,,,0.39,,,yes,,shape
349,path,200.5,170.5,5.1,6,0,#FFEAD5,,,,,0.39,,,yes,,shape
350,path,1208,164.5,5.1,6,0,#B96DFF,,,,,0.39,,,yes,,shape
351,path,622,164.5,5.1,6,0,#FFEAD5,,,,,0.39,,,yes,,shape
352,path,616.9,164.5,5.1,6,0,#D09DFF,,,,,0.39,,,yes,,shape
353,path,205.6,164.5,5.1,6,0,#FFEAD5,,,,,0.39,,,yes,,shape
354,path,200.5,164.5,5.1,6,0,#FFEAD5,,,,,0.39,,,yes,,shape
355,path,133.7,164.5,5.1,6,0,#FFEAD5,,,,,0.39,,,yes,,shape
356,path,128.5,164.5,5.1,6,0,#FFEAD5,,,,,0.39,,,yes,,shape
357,path,1218.3,158.5,5.1,6,0,#B96DFF,,,,,0.39,,,yes,,shape
358,path,1213.2,158.5,5.1,6,0,#B96DFF,,,,,0.39,,,yes,,shape
359,path,1202.9,158.5,5.1,6,0,#B96DFF,,,,,0.39,,,yes,,shape
360,path,1197.8,158.5,5.1,6,0,#B96DFF,,,,,0.39,,,yes,,shape
361,path,236.5,158.5,5.1,6,0,#FFEAD5,,,,,0.39,,,yes,,shape
362,path,169.6,158.5,5.1,6,0,#FF84C7,,,,,0.39,,,yes,,shape
363,path,133.7,158.5,5.1,6,0,#FFEAD5,,,,,0.39,,,yes,,shape
364,path,128.5,158.5,5.1,6,0,#FFEAD5,,,,,0.39,,,yes,,shape
365,path,1274.9,152.4,5.1,6,0,#FFEAD5,,,,,0.39,,,yes,,shape
366,path,1208,152.4,5.1,6,0,#B96DFF,,,,,0.39,,,yes,,shape
367,path,272.5,152.4,5.1,6,0,#B96DFF,,,,,0.39,,,yes,,shape
368,path,267.3,152.4,5.1,6,0,#B96DFF,,,,,0.39,,,yes,,shape
369,path,1208,146.4,5.1,6,0,#B96DFF,,,,,0.39,,,yes,,shape
370,path,272.5,146.4,5.1,6,0,#B96DFF,,,,,0.39,,,yes,,shape
371,path,267.3,146.4,5.1,6,0,#B96DFF,,,,,0.39,,,yes,,shape
372,path,930.4,134.3,5.1,6,0,#FFEAD5,,,,,0.39,,,yes,,shape
373,path,812.2,134.3,5.1,6,0,#FFE1BC,,,,,0.39,,,yes,,shape
374,path,956.1,122.3,5.1,6,0,#B96DFF,,,,,0.39,,,yes,,shape
375,path,951,122.3,5.1,6,0,#B96DFF,,,,,0.39,,,yes,,shape
376,path,956.1,116.3,5.1,6,0,#B96DFF,,,,,0.39,,,yes,,shape
377,path,951,116.3,5.1,6,0,#B96DFF,,,,,0.39,,,yes,,shape
378,path,0,110.2,5.1,6,0,#FFE1BC,,,,,0.39,,,yes,,shape
379,path,539.8,104.2,5.1,6,0,#FFE1BC,,,,,0.39,,,yes,,shape
380,path,1028.1,86.1,5.1,6,0,#FFEAD5,,,,,0.39,,,yes,,shape
381,path,694,80.1,5.1,6,0,#FF84C7,,,,,0.39,,,yes,,shape
382,path,1012.7,74.1,5.1,6,0,#FFEAD5,,,,,0.39,,,yes,,shape
383,path,699.1,74.1,5.1,6,0,#FF84C7,,,,,0.39,,,yes,,shape
384,path,688.8,74.1,5.1,6,0,#FF84C7,,,,,0.39,,,yes,,shape
385,path,169.6,74.1,5.1,6,0,#FFE1BC,,,,,0.39,,,yes,,shape
386,path,20.6,74.1,5.1,6,0,#FFEAD5,,,,,0.39,,,yes,,shape
387,path,1182.3,68.1,5.1,6,0,#FFEAD5,,,,,0.39,,,yes,,shape
388,path,694,68.1,5.1,6,0,#FF84C7,,,,,0.39,,,yes,,shape
389,path,431.8,62,5.1,6,0,#FFEAD5,,,,,0.39,,,yes,,shape
390,path,426.7,62,5.1,6,0,#FFEAD5,,,,,0.39,,,yes,,shape
391,path,431.8,56,5.1,6,0,#FFEAD5,,,,,0.39,,,yes,,shape
392,path,426.7,56,5.1,6,0,#FFEAD5,,,,,0.39,,,yes,,shape
393,path,519.2,1897,5.1,6,0,#FFE1BC,,,,,0.39,,,yes,,shape
394,path,514.1,1891,5.1,6,0,#FFE1BC,,,,,0.39,,,yes,,shape
395,path,524.3,1891,5.1,6,0,#FFE1BC,,,,,0.39,,,yes,,shape
396,path,1064.1,1891,5.1,6,0,#FFEAD5,,,,,0.39,,,yes,,shape
397,path,41.1,1884.9,5.1,6,0,#FFEAD5,,,,,0.39,,,yes,,shape
398,path,46.3,1884.9,5.1,6,0,#FFEAD5,,,,,0.39,,,yes,,shape
399,path,519.2,1884.9,5.1,6,0,#FFE1BC,,,,,0.39,,,yes,,shape
400,path,745.4,1884.9,5.1,6,0,#FFEAD5,,,,,0.39,,,yes,,shape
401,path,41.1,1878.9,5.1,6,0,#FFEAD5,,,,,0.39,,,yes,,shape
402,path,46.3,1878.9,5.1,6,0,#FFEAD5,,,,,0.39,,,yes,,shape
403,path,323.9,1872.9,5.1,6,0,#FFEAD5,,,,,0.39,,,yes,,shape
404,path,776.2,1860.8,5.1,6,0,#FFEAD5,,,,,0.39,,,yes,,shape
405,path,370.1,1842.7,5.1,6,0,#FFEAD5,,,,,0.39,,,yes,,shape
406,path,735.1,1842.7,5.1,6,0,#FFEAD5,,,,,0.39,,,yes,,shape
407,path,1228.6,1836.7,5.1,6,0,#FFE1BC,,,,,0.39,,,yes,,shape
408,path,354.7,1830.7,5.1,6,0,#FFEAD5,,,,,0.39,,,yes,,shape
409,path,1223.5,1830.7,5.1,6,0,#FFE1BC,,,,,0.39,,,yes,,shape
410,path,1228.6,1830.7,5.1,6,0,#FFEAD5,,,,,0.39,,,yes,,shape
411,path,1233.7,1830.7,5.2,6,0,#FFE1BC,,,,,0.39,,,yes,,shape
412,path,1228.6,1824.7,5.1,6,0,#FFE1BC,,,,,0.39,,,yes,,shape
413,path,884.2,1788.5,5.1,6,0,#FFEAD5,,,,,0.39,,,yes,,shape
414,path,889.3,1788.5,5.1,6,0,#FFEAD5,,,,,0.39,,,yes,,shape
415,path,884.2,1782.5,5.1,6,0,#FFEAD5,,,,,0.39,,,yes,,shape
416,path,889.3,1782.5,5.1,6,0,#FFEAD5,,,,,0.39,,,yes,,shape
417,path,200.5,1770.4,5.1,6,0,#FFE1BC,,,,,0.39,,,yes,,shape
418,path,200.5,1764.4,5.1,6,0,#FFE1BC,,,,,0.39,,,yes,,shape
419,path,195.3,1758.4,5.1,6,0,#FFE1BC,,,,,0.39,,,yes,,shape
420,path,200.5,1758.4,5.1,6,0,#E8FFF4,,,,,0.39,,,yes,,shape
421,path,205.6,1758.4,5.1,6,0,#FFE1BC,,,,,0.39,,,yes,,shape
422,path,185.1,1752.3,5.1,6,0,#FFE1BC,,,,,0.39,,,yes,,shape
423,path,190.2,1752.3,5.1,6,0,#FFE1BC,,,,,0.39,,,yes,,shape
424,path,195.3,1752.3,5.1,6,0,#E8FFF4,,,,,0.39,,,yes,,shape
425,path,200.5,1752.3,5.1,6,0,#E8FFF4,,,,,0.39,,,yes,,shape
426,path,205.6,1752.3,5.1,6,0,#E8FFF4,,,,,0.39,,,yes,,shape
427,path,210.8,1752.3,5.1,6,0,#FFE1BC,,,,,0.39,,,yes,,shape
428,path,215.9,1752.3,5.1,6,0,#FFE1BC,,,,,0.39,,,yes,,shape
429,path,195.3,1746.3,5.1,6,0,#FFE1BC,,,,,0.39,,,yes,,shape
430,path,200.5,1746.3,5.1,6,0,#E8FFF4,,,,,0.39,,,yes,,shape
431,path,205.6,1746.3,5.1,6,0,#FFE1BC,,,,,0.39,,,yes,,shape
432,path,200.5,1740.3,5.1,6,0,#FFE1BC,,,,,0.39,,,yes,,shape
433,path,200.5,1734.3,5.1,6,0,#FFE1BC,,,,,0.39,,,yes,,shape
434,path,1007.6,1710.2,5.1,6,0,#FFEAD5,,,,,0.39,,,yes,,shape
435,path,1012.7,1710.2,5.1,6,0,#FFEAD5,,,,,0.39,,,yes,,shape
436,path,154.2,1704.1,5.1,6,0,#FFEAD5,,,,,0.39,,,yes,,shape
437,path,1007.6,1704.1,5.1,6,0,#FFEAD5,,,,,0.39,,,yes,,shape
438,path,1012.7,1704.1,5.1,6,0,#FFE1BC,,,,,0.39,,,yes,,shape
439,path,1172.1,1704.1,5.1,6,0,#FFEAD5,,,,,0.39,,,yes,,shape
440,path,380.4,1698.1,5.1,6,0,#FFE1BC,,,,,0.39,,,yes,,shape
441,path,421.5,1698.1,5.1,6,0,#FFE1BC,,,,,0.39,,,yes,,shape
442,path,426.7,1698.1,5.1,6,0,#E8FFF4,,,,,0.39,,,yes,,shape
443,path,740.2,1698.1,5.1,6,0,#FFEAD5,,,,,0.39,,,yes,,shape
444,path,1017.8,1698.1,5.1,6,0,#FFEAD5,,,,,0.39,,,yes,,shape
445,path,421.5,1692.1,5.1,6,0,#E8FFF4,,,,,0.39,,,yes,,shape
446,path,426.7,1692.1,5.1,6,0,#FFE1BC,,,,,0.39,,,yes,,shape
447,path,1023,1692.1,5.1,6,0,#FFE1BC,,,,,0.39,,,yes,,shape
448,path,1028.1,1686,5.1,6,0,#FFE1BC,,,,,0.39,,,yes,,shape
449,path,1038.4,1674,5.1,6,0,#FFE1BC,,,,,0.39,,,yes,,shape
450,path,1043.5,1668,5.1,6,0,#FFE1BC,,,,,0.39,,,yes,,shape
451,path,1053.8,1655.9,5.1,6,0,#FFE1BC,,,,,0.39,,,yes,,shape
452,path,1244,1649.9,5.1,6,0,#FFE1BC,,,,,0.39,,,yes,,shape
453,path,1249.2,1649.9,5.1,6,0,#FFE1BC,,,,,0.39,,,yes,,shape
454,path,1064.1,1643.9,5.1,6,0,#FFE1BC,,,,,0.39,,,yes,,shape
455,path,1244,1643.9,5.1,6,0,#FFE1BC,,,,,0.39,,,yes,,shape
456,path,1249.2,1643.9,5.1,6,0,#FFE1BC,,,,,0.39,,,yes,,shape
457,path,1259.4,1619.8,5.1,6,0,#FFEAD5,,,,,0.39,,,yes,,shape
458,path,1264.6,1619.8,5.1,6,0,#FFEAD5,,,,,0.39,,,yes,,shape
459,path,1259.4,1613.7,5.1,6,0,#FFEAD5,,,,,0.39,,,yes,,shape
460,path,1264.6,1613.7,5.1,6,0,#FFEAD5,,,,,0.39,,,yes,,shape
461,path,611.7,1601.7,5.1,6,0,#FFEAD5,,,,,0.39,,,yes,,shape
462,path,113.1,1589.6,5.1,6,0,#FF84C7,,,,,0.39,,,yes,,shape
463,path,118.2,1589.6,5.1,6,0,#FFEAD5,,,,,0.39,,,yes,,shape
464,path,113.1,1583.6,5.1,6,0,#FFEAD5,,,,,0.39,,,yes,,shape
465,path,118.2,1583.6,5.1,6,0,#FF84C7,,,,,0.39,,,yes,,shape
466,path,580.9,1583.6,5.1,6,0,#FFEAD5,,,,,0.39,,,yes,,shape
467,path,843.1,1565.5,5.1,6,0,#FFEAD5,,,,,0.39,,,yes,,shape
468,path,848.2,1565.5,5.1,6,0,#FFEAD5,,,,,0.39,,,yes,,shape
469,path,843.1,1559.5,5.1,6,0,#FFEAD5,,,,,0.39,,,yes,,shape
470,path,848.2,1559.5,5.1,6,0,#FFEAD5,,,,,0.39,,,yes,,shape
471,path,87.4,1535.4,5.1,6,0,#FF84C7,,,,,0.39,,,yes,,shape
472,path,246.7,1523.3,5.1,6,0,#FFE1BC,,,,,0.39,,,yes,,shape
473,path,277.6,1517.3,5.1,6,0,#FFE1BC,,,,,0.39,,,yes,,shape
474,path,282.7,1517.3,5.1,6,0,#FFE1BC,,,,,0.39,,,yes,,shape
475,path,277.6,1511.3,5.1,6,0,#FFE1BC,,,,,0.39,,,yes,,shape
476,path,282.7,1511.3,5.1,6,0,#FFE1BC,,,,,0.39,,,yes,,shape
477,path,1033.3,1511.3,5.1,6,0,#FFE1BC,,,,,0.39,,,yes,,shape
478,path,416.4,1505.2,5.1,6,0,#FFEAD5,,,,,0.39,,,yes,,shape
479,path,652.9,1505.2,5.1,6,0,#FF84C7,,,,,0.39,,,yes,,shape
480,path,647.7,1499.2,5.1,6,0,#FF84C7,,,,,0.39,,,yes,,shape
481,path,652.9,1499.2,5.1,6,0,#FFEAD5,,,,,0.39,,,yes,,shape
482,path,658,1499.2,5.1,6,0,#FF84C7,,,,,0.39,,,yes,,shape
483,path,246.7,1493.2,5.1,6,0,#FFEAD5,,,,,0.39,,,yes,,shape
484,path,251.9,1493.2,5.1,6,0,#FFEAD5,,,,,0.39,,,yes,,shape
485,path,652.9,1493.2,5.1,6,0,#FF84C7,,,,,0.39,,,yes,,shape
486,path,246.7,1487.2,5.1,6,0,#FFEAD5,,,,,0.39,,,yes,,shape
487,path,251.9,1487.2,5.1,6,0,#FFEAD5,,,,,0.39,,,yes,,shape
488,path,601.4,1445,5.1,6,0,#FF84C7,,,,,0.39,,,yes,,shape
489,path,606.6,1445,5.1,6,0,#FF84C7,,,,,0.39,,,yes,,shape
490,path,601.4,1439,5.1,6,0,#FF84C7,,,,,0.39,,,yes,,shape
491,path,606.6,1439,5.1,6,0,#FF84C7,,,,,0.39,,,yes,,shape
492,path,1218.3,1426.9,5.1,6,0,#FFEAD5,,,,,0.39,,,yes,,shape
493,path,41.1,1408.8,5.1,6,0,#FF84C7,,,,,0.39,,,yes,,shape
494,path,36,1402.8,5.1,6,0,#FF84C7,,,,,0.39,,,yes,,shape
495,path,41.1,1402.8,5.1,6,0,#FFEAD5,,,,,0.39,,,yes,,shape
496,path,46.3,1402.8,5.1,6,0,#FF84C7,,,,,0.39,,,yes,,shape
497,path,1059,1402.8,5.1,6,0,#FFEAD5,,,,,0.39,,,yes,,shape
498,path,41.1,1396.8,5.1,6,0,#FF84C7,,,,,0.39,,,yes,,shape
499,path,961.3,1396.8,5.1,6,0,#FFEAD5,,,,,0.39,,,yes,,shape
500,path,966.4,1396.8,5.1,6,0,#FFEAD5,,,,,0.39,,,yes,,shape
501,path,1244,1396.8,5.1,6,0,#FF84C7,,,,,0.39,,,yes,,shape
502,path,961.3,1390.7,5.1,6,0,#FFEAD5,,,,,0.39,,,yes,,shape
503,path,966.4,1390.7,5.1,6,0,#FFEAD5,,,,,0.39,,,yes,,shape
504,path,1238.9,1390.7,5.1,6,0,#FF84C7,,,,,0.39,,,yes,,shape
505,path,1249.2,1390.7,5.1,6,0,#FF84C7,,,,,0.39,,,yes,,shape
506,path,1244,1384.7,5.1,6,0,#FF84C7,,,,,0.39,,,yes,,shape
507,path,765.9,1360.6,5.1,6,0,#FF8BC7,,,,,0.39,,,yes,,shape
508,path,812.2,1360.6,5.1,6,0,#FF8BC7,,,,,0.39,,,yes,,shape
509,path,812.2,1354.6,5.1,6,0,#FF8BC7,,,,,0.39,,,yes,,shape
510,path,498.6,1348.6,5.1,6,0,#FF84C7,,,,,0.39,,,yes,,shape
511,path,807.1,1348.6,5.1,6,0,#FF8BC7,,,,,0.39,,,yes,,shape
512,path,812.2,1348.6,5.1,6,0,#FFEAD5,,,,,0.39,,,yes,,shape
513,path,817.3,1348.6,5.1,6,0,#FF8BC7,,,,,0.39,,,yes,,shape
514,path,442.1,1342.5,5.1,6,0,#FFEAD5,,,,,0.39,,,yes,,shape
515,path,796.8,1342.5,5.1,6,0,#FF8BC7,,,,,0.39,,,yes,,shape
516,path,801.9,1342.5,5.1,6,0,#FF8BC7,,,,,0.39,,,yes,,shape
517,path,807.1,1342.5,5.1,6,0,#FFEAD5,,,,,0.39,,,yes,,shape
518,path,812.2,1342.5,5.1,6,0,#FFEAD5,,,,,0.39,,,yes,,shape
519,path,817.3,1342.5,5.1,6,0,#FFEAD5,,,,,0.39,,,yes,,shape
520,path,822.5,1342.5,5.1,6,0,#FF8BC7,,,,,0.39,,,yes,,shape
521,path,827.6,1342.5,5.1,6,0,#FF8BC7,,,,,0.39,,,yes,,shape
522,path,308.4,1336.5,5.1,6,0,#FFE1BC,,,,,0.39,,,yes,,shape
523,path,313.6,1336.5,5.1,6,0,#FFE1BC,,,,,0.39,,,yes,,shape
524,path,807.1,1336.5,5.1,6,0,#FF8BC7,,,,,0.39,,,yes,,shape
525,path,812.2,1336.5,5.1,6,0,#FFEAD5,,,,,0.39,,,yes,,shape
526,path,817.3,1336.5,5.1,6,0,#FF8BC7,,,,,0.39,,,yes,,shape
527,path,303.3,1330.5,5.1,6,0,#FF808D,,,,,0.39,,,yes,,shape
528,path,308.4,1330.5,5.1,6,0,#FFE1BC,,,,,0.39,,,yes,,shape
529,path,313.6,1330.5,5.1,6,0,#FFE1BC,,,,,0.39,,,yes,,shape
530,path,812.2,1330.5,5.1,6,0,#FF8BC7,,,,,0.39,,,yes,,shape
531,path,303.3,1324.4,5.1,6,0,#FF808D,,,,,0.39,,,yes,,shape
532,path,308.4,1324.4,5.1,6,0,#FF808D,,,,,0.39,,,yes,,shape
533,path,452.4,1324.4,5.1,6,0,#B96DFF,,,,,0.39,,,yes,,shape
534,path,812.2,1324.4,5.1,6,0,#FF8BC7,,,,,0.39,,,yes,,shape
535,path,298.2,1318.4,5.1,6,0,#FF69AA,,,,,0.39,,,yes,,shape
536,path,293,1312.4,5.1,6,0,#FF69AA,,,,,0.39,,,yes,,shape
537,path,102.8,1306.4,5.1,6,0,#FFE1BC,,,,,0.39,,,yes,,shape
538,path,287.9,1306.4,5.1,6,0,#FF69AA,,,,,0.39,,,yes,,shape
539,path,282.7,1300.3,5.1,6,0,#FF69AA,,,,,0.39,,,yes,,shape
540,path,277.6,1294.3,5.1,6,0,#FF69AA,,,,,0.39,,,yes,,shape
541,path,267.3,1282.3,5.1,6,0,#FF69AA,,,,,0.39,,,yes,,shape
542,path,262.2,1276.2,5.1,6,0,#FF69AA,,,,,0.39,,,yes,,shape
543,path,652.9,1276.2,5.1,6,0,#FFE1BC,,,,,0.39,,,yes,,shape
544,path,1146.4,1270.2,5.1,6,0,#FFEAD5,,,,,0.39,,,yes,,shape
545,path,251.9,1264.2,5.1,6,0,#FF69AA,,,,,0.39,,,yes,,shape
546,path,241.6,1252.1,5.1,6,0,#FF84C7,,,,,0.39,,,yes,,shape
547,path,226.2,1234,5.1,6,0,#FF84C7,,,,,0.39,,,yes,,shape
548,path,940.7,1234,5.1,6,0,#FFE1BC,,,,,0.39,,,yes,,shape
549,path,210.8,1216,5.1,6,0,#FF84C7,,,,,0.39,,,yes,,shape
550,path,385.5,1185.8,5.1,6,0,#FF84C7,,,,,0.39,,,yes,,shape
551,path,380.4,1179.8,5.1,6,0,#FF84C7,,,,,0.39,,,yes,,shape
552,path,390.7,1179.8,5.1,6,0,#FF84C7,,,,,0.39,,,yes,,shape
553,path,385.5,1173.8,5.1,6,0,#FF84C7,,,,,0.39,,,yes,,shape
554,path,632.3,1161.7,5.1,6,0,#D09DFF,,,,,0.39,,,yes,,shape
555,path,1038.4,1155.7,5.1,6,0,#FF84C7,,,,,0.39,,,yes,,shape
556,path,1043.5,1155.7,5.1,6,0,#FF84C7,,,,,0.39,,,yes,,shape
557,path,781.4,1149.7,5.1,6,0,#FFE1BC,,,,,0.39,,,yes,,shape
558,path,786.5,1149.7,5.1,6,0,#FFE1BC,,,,,0.39,,,yes,,shape
559,path,1038.4,1149.7,5.1,6,0,#FF84C7,,,,,0.39,,,yes,,shape
560,path,1043.5,1149.7,5.1,6,0,#FF84C7,,,,,0.39,,,yes,,shape
561,path,781.4,1143.6,5.1,6,0,#FFE1BC,,,,,0.39,,,yes,,shape
562,path,786.5,1143.6,5.1,6,0,#FFE1BC,,,,,0.39,,,yes,,shape
563,path,46.3,1137.6,5.1,6,0,#FFEAD5,,,,,0.39,,,yes,,shape
564,path,997.3,1137.6,5.1,6,0,#FFEAD5,,,,,0.39,,,yes,,shape
565,path,1059,1131.6,5.1,6,0,#FFEAD5,,,,,0.39,,,yes,,shape
566,path,1172.1,1131.6,5.1,6,0,#FFEAD5,,,,,0.39,,,yes,,shape
567,path,174.8,1125.6,5.1,6,0,#FFE1BC,,,,,0.39,,,yes,,shape
568,path,66.8,1113.5,5.1,6,0,#B96DFF,,,,,0.39,,,yes,,shape
569,path,652.9,1113.5,5.1,6,0,#D09DFF,,,,,0.39,,,yes,,shape
570,path,658,1113.5,5.1,6,0,#FFEAD5,,,,,0.39,,,yes,,shape
571,path,1069.2,1113.5,5.1,6,0,#FFEAD5,,,,,0.39,,,yes,,shape
572,path,1074.4,1113.5,5.1,6,0,#FFEAD5,,,,,0.39,,,yes,,shape
573,path,66.8,1107.5,5.1,6,0,#B96DFF,,,,,0.39,,,yes,,shape
574,path,652.9,1107.5,5.1,6,0,#FFEAD5,,,,,0.39,,,yes,,shape
575,path,658,1107.5,5.1,6,0,#D09DFF,,,,,0.39,,,yes,,shape
576,path,1069.2,1107.5,5.1,6,0,#FFEAD5,,,,,0.39,,,yes,,shape
577,path,1074.4,1107.5,5.1,6,0,#FFEAD5,,,,,0.39,,,yes,,shape
578,path,1141.2,1107.5,5.1,6,0,#FFEAD5,,,,,0.39,,,yes,,shape
579,path,1146.4,1107.5,5.1,6,0,#FFEAD5,,,,,0.39,,,yes,,shape
580,path,56.5,1101.5,5.1,6,0,#B96DFF,,,,,0.39,,,yes,,shape
581,path,61.7,1101.5,5.1,6,0,#B96DFF,,,,,0.39,,,yes,,shape
582,path,72,1101.5,5.1,6,0,#B96DFF,,,,,0.39,,,yes,,shape
583,path,77.1,1101.5,5.1,6,0,#B96DFF,,,,,0.39,,,yes,,shape
584,path,1038.4,1101.5,5.1,6,0,#FFEAD5,,,,,0.39,,,yes,,shape
585,path,1105.2,1101.5,5.1,6,0,#FF84C7,,,,,0.39,,,yes,,shape
586,path,1141.2,1101.5,5.1,6,0,#FFEAD5,,,,,0.39,,,yes,,shape
587,path,1146.4,1101.5,5.1,6,0,#FFEAD5,,,,,0.39,,,yes,,shape
588,path,0,1095.4,5.1,6,0,#FFEAD5,,,,,0.39,,,yes,,shape
589,path,66.8,1095.4,5.1,6,0,#B96DFF,,,,,0.39,,,yes,,shape
590,path,1002.4,1095.4,5.1,6,0,#B96DFF,,,,,0.39,,,yes,,shape
591,path,1007.6,1095.4,5.1,6,0,#B96DFF,,,,,0.39,,,yes,,shape
592,path,66.8,1089.4,5.1,6,0,#B96DFF,,,,,0.39,,,yes,,shape
593,path,1002.4,1089.4,5.1,6,0,#B96DFF,,,,,0.39,,,yes,,shape
594,path,1007.6,1089.4,5.1,6,0,#B96DFF,,,,,0.39,,,yes,,shape
595,path,344.4,1077.4,5.1,6,0,#FFEAD5,,,,,0.39,,,yes,,shape
596,path,462.7,1077.4,5.1,6,0,#FFE1BC,,,,,0.39,,,yes,,shape
597,path,318.7,1065.3,5.1,6,0,#B96DFF,,,,,0.39,,,yes,,shape
598,path,323.9,1065.3,5.1,6,0,#B96DFF,,,,,0.39,,,yes,,shape
599,path,318.7,1059.3,5.1,6,0,#B96DFF,,,,,0.39,,,yes,,shape
600,path,323.9,1059.3,5.1,6,0,#B96DFF,,,,,0.39,,,yes,,shape
601,path,1274.9,1053.2,5.1,6,0,#FFE1BC,,,,,0.39,,,yes,,shape
602,path,735.1,1047.2,5.1,6,0,#FFE1BC,,,,,0.39,,,yes,,shape
603,path,246.7,1029.1,5.1,6,0,#FFEAD5,,,,,0.39,,,yes,,shape
604,path,580.9,1023.1,5.1,6,0,#FF84C7,,,,,0.39,,,yes,,shape
605,path,262.2,1017.1,5.1,6,0,#FFEAD5,,,,,0.39,,,yes,,shape
606,path,575.7,1017.1,5.1,6,0,#FF84C7,,,,,0.39,,,yes,,shape
607,path,586,1017.1,5.1,6,0,#FF84C7,,,,,0.39,,,yes,,shape
608,path,1105.2,1017.1,5.1,6,0,#FFE1BC,,,,,0.39,,,yes,,shape
609,path,1254.3,1017.1,5.1,6,0,#FFEAD5,,,,,0.39,,,yes,,shape
610,path,92.5,1011.1,5.1,6,0,#FFEAD5,,,,,0.39,,,yes,,shape
611,path,580.9,1011.1,5.1,6,0,#FF84C7,,,,,0.39,,,yes,,shape
612,path,843.1,1005,5.1,6,0,#FFEAD5,,,,,0.39,,,yes,,shape
613,path,848.2,1005,5.1,6,0,#FFEAD5,,,,,0.39,,,yes,,shape
614,path,843.1,999,5.1,6,0,#FFEAD5,,,,,0.39,,,yes,,shape
615,path,848.2,999,5.1,6,0,#FFEAD5,,,,,0.39,,,yes,,shape
616,path,755.7,2840,5.1,6,0,#FFE1BC,,,,,0.39,,,yes,,shape
617,path,760.8,2834,5.1,6,0,#FFE1BC,,,,,0.39,,,yes,,shape
618,path,750.5,2834,5.1,6,0,#FFE1BC,,,,,0.39,,,yes,,shape
619,path,210.8,2834,5.1,6,0,#FFEAD5,,,,,0.39,,,yes,,shape
620,path,1233.7,2827.9,5.1,6,0,#FFEAD5,,,,,0.39,,,yes,,shape
621,path,1228.6,2827.9,5.2,6,0,#FFEAD5,,,,,0.39,,,yes,,shape
622,path,755.7,2827.9,5.1,6,0,#FFE1BC,,,,,0.39,,,yes,,shape
623,path,529.5,2827.9,5.1,6,0,#FFEAD5,,,,,0.39,,,yes,,shape
624,path,1233.7,2821.9,5.1,6,0,#FFEAD5,,,,,0.39,,,yes,,shape
625,path,1228.6,2821.9,5.2,6,0,#FFEAD5,,,,,0.39,,,yes,,shape
626,path,951,2815.9,5.1,6,0,#FFEAD5,,,,,0.39,,,yes,,shape
627,path,498.6,2803.8,5.1,6,0,#FFEAD5,,,,,0.39,,,yes,,shape
628,path,904.7,2785.7,5.1,6,0,#FFEAD5,,,,,0.39,,,yes,,shape
629,path,539.8,2785.7,5.1,6,0,#FFEAD5,,,,,0.39,,,yes,,shape
630,path,46.3,2779.7,5.1,6,0,#FFE1BC,,,,,0.39,,,yes,,shape
631,path,920.2,2773.7,5.1,6,0,#FFEAD5,,,,,0.39,,,yes,,shape
632,path,51.4,2773.7,5.1,6,0,#FFE1BC,,,,,0.39,,,yes,,shape
633,path,46.3,2773.7,5.1,6,0,#FFEAD5,,,,,0.39,,,yes,,shape
634,path,41.1,2773.7,5.1,6,0,#FFE1BC,,,,,0.39,,,yes,,shape
635,path,46.3,2767.7,5.1,6,0,#FFE1BC,,,,,0.39,,,yes,,shape
636,path,390.7,2731.5,5.1,6,0,#FFEAD5,,,,,0.39,,,yes,,shape
637,path,385.5,2731.5,5.1,6,0,#FFEAD5,,,,,0.39,,,yes,,shape
638,path,390.7,2725.5,5.1,6,0,#FFEAD5,,,,,0.39,,,yes,,shape
639,path,385.5,2725.5,5.1,6,0,#FFEAD5,,,,,0.39,,,yes,,shape
640,path,1074.4,2713.4,5.1,6,0,#FFE1BC,,,,,0.39,,,yes,,shape
641,path,1074.4,2707.4,5.1,6,0,#FFE1BC,,,,,0.39,,,yes,,shape
642,path,1079.5,2701.4,5.1,6,0,#FFE1BC,,,,,0.39,,,yes,,shape
643,path,1074.4,2701.4,5.1,6,0,#E8FFF4,,,,,0.39,,,yes,,shape
644,path,1069.2,2701.4,5.1,6,0,#FFE1BC,,,,,0.39,,,yes,,shape
645,path,1089.8,2695.3,5.1,6,0,#FFE1BC,,,,,0.39,,,yes,,shape
646,path,1084.7,2695.3,5.1,6,0,#FFE1BC,,,,,0.39,,,yes,,shape
647,path,1079.5,2695.3,5.1,6,0,#E8FFF4,,,,,0.39,,,yes,,shape
648,path,1074.4,2695.3,5.1,6,0,#E8FFF4,,,,,0.39,,,yes,,shape
649,path,1069.2,2695.3,5.1,6,0,#E8FFF4,,,,,0.39,,,yes,,shape
650,path,1064.1,2695.3,5.1,6,0,#FFE1BC,,,,,0.39,,,yes,,shape
651,path,1059,2695.3,5.1,6,0,#FFE1BC,,,,,0.39,,,yes,,shape
652,path,1079.5,2689.3,5.1,6,0,#FFE1BC,,,,,0.39,,,yes,,shape
653,path,1074.4,2689.3,5.1,6,0,#E8FFF4,,,,,0.39,,,yes,,shape
654,path,1069.2,2689.3,5.1,6,0,#FFE1BC,,,,,0.39,,,yes,,shape
655,path,1074.4,2683.3,5.1,6,0,#FFE1BC,,,,,0.39,,,yes,,shape
656,path,1074.4,2677.3,5.1,6,0,#FFE1BC,,,,,0.39,,,yes,,shape
657,path,267.3,2653.2,5.1,6,0,#FFEAD5,,,,,0.39,,,yes,,shape
658,path,262.2,2653.2,5.1,6,0,#FFEAD5,,,,,0.39,,,yes,,shape
659,path,1120.6,2647.1,5.1,6,0,#FFEAD5,,,,,0.39,,,yes,,shape
660,path,267.3,2647.1,5.1,6,0,#FFEAD5,,,,,0.39,,,yes,,shape
661,path,262.2,2647.1,5.1,6,0,#FFE1BC,,,,,0.39,,,yes,,shape
662,path,102.8,2647.1,5.1,6,0,#FFEAD5,,,,,0.39,,,yes,,shape
663,path,894.5,2641.1,5.1,6,0,#FFE1BC,,,,,0.39,,,yes,,shape
664,path,853.3,2641.1,5.1,6,0,#FFE1BC,,,,,0.39,,,yes,,shape
665,path,848.2,2641.1,5.1,6,0,#E8FFF4,,,,,0.39,,,yes,,shape
666,path,534.6,2641.1,5.1,6,0,#FFEAD5,,,,,0.39,,,yes,,shape
667,path,257,2641.1,5.1,6,0,#FFEAD5,,,,,0.39,,,yes,,shape
668,path,853.3,2635.1,5.1,6,0,#E8FFF4,,,,,0.39,,,yes,,shape
669,path,848.2,2635.1,5.1,6,0,#FFE1BC,,,,,0.39,,,yes,,shape
670,path,251.9,2635.1,5.1,6,0,#FFE1BC,,,,,0.39,,,yes,,shape
671,path,246.7,2629,5.1,6,0,#FFE1BC,,,,,0.39,,,yes,,shape
672,path,236.5,2617,5.1,6,0,#FFE1BC,,,,,0.39,,,yes,,shape
673,path,231.3,2611,5.1,6,0,#FFE1BC,,,,,0.39,,,yes,,shape
674,path,221,2598.9,5.1,6,0,#FFE1BC,,,,,0.39,,,yes,,shape
675,path,30.8,2592.9,5.1,6,0,#FFE1BC,,,,,0.39,,,yes,,shape
676,path,25.7,2592.9,5.1,6,0,#FFE1BC,,,,,0.39,,,yes,,shape
677,path,210.8,2586.9,5.1,6,0,#FFE1BC,,,,,0.39,,,yes,,shape
678,path,30.8,2586.9,5.1,6,0,#FFE1BC,,,,,0.39,,,yes,,shape
679,path,25.7,2586.9,5.1,6,0,#FFE1BC,,,,,0.39,,,yes,,shape
680,path,15.4,2562.8,5.1,6,0,#FFEAD5,,,,,0.39,,,yes,,shape
681,path,10.3,2562.8,5.1,6,0,#FFEAD5,,,,,0.39,,,yes,,shape
682,path,15.4,2556.7,5.1,6,0,#FFEAD5,,,,,0.39,,,yes,,shape
683,path,10.3,2556.7,5.1,6,0,#FFEAD5,,,,,0.39,,,yes,,shape
684,path,663.1,2544.7,5.1,6,0,#FFEAD5,,,,,0.39,,,yes,,shape
685,path,1161.8,2532.6,5.1,6,0,#FF84C7,,,,,0.39,,,yes,,shape
686,path,1156.6,2532.6,5.1,6,0,#FFEAD5,,,,,0.39,,,yes,,shape
687,path,1161.8,2526.6,5.1,6,0,#FFEAD5,,,,,0.39,,,yes,,shape
688,path,1156.6,2526.6,5.1,6,0,#FF84C7,,,,,0.39,,,yes,,shape
689,path,694,2526.6,5.1,6,0,#FFEAD5,,,,,0.39,,,yes,,shape
690,path,431.8,2508.5,5.1,6,0,#FFEAD5,,,,,0.39,,,yes,,shape
691,path,426.7,2508.5,5.1,6,0,#FFEAD5,,,,,0.39,,,yes,,shape
692,path,431.8,2502.5,5.1,6,0,#FFEAD5,,,,,0.39,,,yes,,shape
693,path,426.7,2502.5,5.1,6,0,#FFEAD5,,,,,0.39,,,yes,,shape
694,path,1187.5,2478.4,5.1,6,0,#FF84C7,,,,,0.39,,,yes,,shape
695,path,1028.1,2466.3,5.1,6,0,#FFE1BC,,,,,0.39,,,yes,,shape
696,path,997.3,2460.3,5.1,6,0,#FFE1BC,,,,,0.39,,,yes,,shape
697,path,992.1,2460.3,5.1,6,0,#FFE1BC,,,,,0.39,,,yes,,shape
698,path,997.3,2454.3,5.1,6,0,#FFE1BC,,,,,0.39,,,yes,,shape
699,path,992.1,2454.3,5.1,6,0,#FFE1BC,,,,,0.39,,,yes,,shape
700,path,241.6,2454.3,5.1,6,0,#FFE1BC,,,,,0.39,,,yes,,shape
701,path,858.5,2448.2,5.1,6,0,#FFEAD5,,,,,0.39,,,yes,,shape
702,path,622,2448.2,5.1,6,0,#FF84C7,,,,,0.39,,,yes,,shape
703,path,627.1,2442.2,5.1,6,0,#FF84C7,,,,,0.39,,,yes,,shape
704,path,622,2442.2,5.1,6,0,#FFEAD5,,,,,0.39,,,yes,,shape
705,path,616.9,2442.2,5.1,6,0,#FF84C7,,,,,0.39,,,yes,,shape
706,path,1028.1,2436.2,5.1,6,0,#FFEAD5,,,,,0.39,,,yes,,shape
707,path,1023,2436.2,5.1,6,0,#FFEAD5,,,,,0.39,,,yes,,shape
708,path,622,2436.2,5.1,6,0,#FF84C7,,,,,0.39,,,yes,,shape
709,path,1028.1,2430.2,5.1,6,0,#FFEAD5,,,,,0.39,,,yes,,shape
710,path,1023,2430.2,5.1,6,0,#FFEAD5,,,,,0.39,,,yes,,shape
711,path,673.4,2388,5.1,6,0,#FF84C7,,,,,0.39,,,yes,,shape
712,path,668.3,2388,5.1,6,0,#FF84C7,,,,,0.39,,,yes,,shape
713,path,673.4,2382,5.1,6,0,#FF84C7,,,,,0.39,,,yes,,shape
714,path,668.3,2382,5.1,6,0,#FF84C7,,,,,0.39,,,yes,,shape
715,path,56.5,2369.9,5.1,6,0,#FFEAD5,,,,,0.39,,,yes,,shape
716,path,1233.7,2351.8,5.1,6,0,#FF84C7,,,,,0.39,,,yes,,shape
717,path,1238.9,2345.8,5.1,6,0,#FF84C7,,,,,0.39,,,yes,,shape
718,path,1233.7,2345.8,5.1,6,0,#FFEAD5,,,,,0.39,,,yes,,shape
719,path,1228.6,2345.8,5.2,6,0,#FF84C7,,,,,0.39,,,yes,,shape
720,path,215.9,2345.8,5.1,6,0,#FFEAD5,,,,,0.39,,,yes,,shape
721,path,1233.7,2339.8,5.1,6,0,#FF84C7,,,,,0.39,,,yes,,shape
722,path,313.6,2339.8,5.1,6,0,#FFEAD5,,,,,0.39,,,yes,,shape
723,path,308.4,2339.8,5.1,6,0,#FFEAD5,,,,,0.39,,,yes,,shape
724,path,30.8,2339.8,5.1,6,0,#FF84C7,,,,,0.39,,,yes,,shape
725,path,313.6,2333.7,5.1,6,0,#FFEAD5,,,,,0.39,,,yes,,shape
726,path,308.4,2333.7,5.1,6,0,#FFEAD5,,,,,0.39,,,yes,,shape
727,path,36,2333.7,5.1,6,0,#FF84C7,,,,,0.39,,,yes,,shape
728,path,25.7,2333.7,5.1,6,0,#FF84C7,,,,,0.39,,,yes,,shape
729,path,30.8,2327.7,5.1,6,0,#FF84C7,,,,,0.39,,,yes,,shape
730,path,508.9,2303.6,5.1,6,0,#FF8BC7,,,,,0.39,,,yes,,shape
731,path,462.7,2303.6,5.1,6,0,#FF8BC7,,,,,0.39,,,yes,,shape
732,path,462.7,2297.6,5.1,6,0,#FF8BC7,,,,,0.39,,,yes,,shape
733,path,776.2,2291.6,5.1,6,0,#FF84C7,,,,,0.39,,,yes,,shape
734,path,467.8,2291.6,5.1,6,0,#FF8BC7,,,,,0.39,,,yes,,shape
735,path,462.7,2291.6,5.1,6,0,#FFEAD5,,,,,0.39,,,yes,,shape
736,path,457.5,2291.6,5.1,6,0,#FF8BC7,,,,,0.39,,,yes,,shape
737,path,832.8,2285.5,5.1,6,0,#FFEAD5,,,,,0.39,,,yes,,shape
738,path,478.1,2285.5,5.1,6,0,#FF8BC7,,,,,0.39,,,yes,,shape
739,path,472.9,2285.5,5.1,6,0,#FF8BC7,,,,,0.39,,,yes,,shape
740,path,467.8,2285.5,5.1,6,0,#FFEAD5,,,,,0.39,,,yes,,shape
741,path,462.7,2285.5,5.1,6,0,#FFEAD5,,,,,0.39,,,yes,,shape
742,path,457.5,2285.5,5.1,6,0,#FFEAD5,,,,,0.39,,,yes,,shape
743,path,452.4,2285.5,5.1,6,0,#FF8BC7,,,,,0.39,,,yes,,shape
744,path,447.2,2285.5,5.1,6,0,#FF8BC7,,,,,0.39,,,yes,,shape
745,path,966.4,2279.5,5.1,6,0,#FFE1BC,,,,,0.39,,,yes,,shape
746,path,961.3,2279.5,5.1,6,0,#FFE1BC,,,,,0.39,,,yes,,shape
747,path,467.8,2279.5,5.1,6,0,#FF8BC7,,,,,0.39,,,yes,,shape
748,path,462.7,2279.5,5.1,6,0,#FFEAD5,,,,,0.39,,,yes,,shape
749,path,457.5,2279.5,5.1,6,0,#FF8BC7,,,,,0.39,,,yes,,shape
750,path,971.6,2273.5,5.1,6,0,#FF808D,,,,,0.39,,,yes,,shape
751,path,966.4,2273.5,5.1,6,0,#FFE1BC,,,,,0.39,,,yes,,shape
752,path,961.3,2273.5,5.1,6,0,#FFE1BC,,,,,0.39,,,yes,,shape
753,path,462.7,2273.5,5.1,6,0,#FF8BC7,,,,,0.39,,,yes,,shape
754,path,971.6,2267.4,5.1,6,0,#FF808D,,,,,0.39,,,yes,,shape
755,path,966.4,2267.4,5.1,6,0,#FF808D,,,,,0.39,,,yes,,shape
756,path,822.5,2267.4,5.1,6,0,#B96DFF,,,,,0.39,,,yes,,shape
757,path,462.7,2267.4,5.1,6,0,#FF8BC7,,,,,0.39,,,yes,,shape
758,path,976.7,2261.4,5.1,6,0,#FF69AA,,,,,0.39,,,yes,,shape
759,path,981.8,2255.4,5.1,6,0,#FF69AA,,,,,0.39,,,yes,,shape
760,path,1172.1,2249.4,5.1,6,0,#FFE1BC,,,,,0.39,,,yes,,shape
761,path,987,2249.4,5.1,6,0,#FF69AA,,,,,0.39,,,yes,,shape
762,path,992.1,2243.3,5.1,6,0,#FF69AA,,,,,0.39,,,yes,,shape
763,path,997.3,2237.3,5.1,6,0,#FF69AA,,,,,0.39,,,yes,,shape
764,path,1007.6,2225.3,5.1,6,0,#FF69AA,,,,,0.39,,,yes,,shape
765,path,1012.7,2219.2,5.1,6,0,#FF69AA,,,,,0.39,,,yes,,shape
766,path,622,2219.2,5.1,6,0,#FFE1BC,,,,,0.39,,,yes,,shape
767,path,128.5,2213.2,5.1,6,0,#FFEAD5,,,,,0.39,,,yes,,shape
768,path,1023,2207.2,5.1,6,0,#FF69AA,,,,,0.39,,,yes,,shape
769,path,1033.3,2195.1,5.1,6,0,#FF84C7,,,,,0.39,,,yes,,shape
770,path,1048.7,2177,5.1,6,0,#FF84C7,,,,,0.39,,,yes,,shape
771,path,334.1,2177,5.1,6,0,#FFE1BC,,,,,0.39,,,yes,,shape
772,path,1064.1,2159,5.1,6,0,#FF84C7,,,,,0.39,,,yes,,shape
773,path,889.3,2128.8,5.1,6,0,#FF84C7,,,,,0.39,,,yes,,shape
774,path,894.5,2122.8,5.1,6,0,#FF84C7,,,,,0.39,,,yes,,shape
775,path,884.2,2122.8,5.1,6,0,#FF84C7,,,,,0.39,,,yes,,shape
776,path,889.3,2116.8,5.1,6,0,#FF84C7,,,,,0.39,,,yes,,shape
777,path,642.6,2104.7,5.1,6,0,#D09DFF,,,,,0.39,,,yes,,shape
778,path,236.5,2098.7,5.1,6,0,#FF84C7,,,,,0.39,,,yes,,shape
779,path,231.3,2098.7,5.1,6,0,#FF84C7,,,,,0.39,,,yes,,shape
780,path,493.5,2092.7,5.1,6,0,#FFE1BC,,,,,0.39,,,yes,,shape
781,path,488.4,2092.7,5.1,6,0,#FFE1BC,,,,,0.39,,,yes,,shape
782,path,236.5,2092.7,5.1,6,0,#FF84C7,,,,,0.39,,,yes,,shape
783,path,231.3,2092.7,5.1,6,0,#FF84C7,,,,,0.39,,,yes,,shape
784,path,493.5,2086.6,5.1,6,0,#FFE1BC,,,,,0.39,,,yes,,shape
785,path,488.4,2086.6,5.1,6,0,#FFE1BC,,,,,0.39,,,yes,,shape
786,path,1228.6,2080.6,5.2,6,0,#FFEAD5,,,,,0.39,,,yes,,shape
787,path,277.6,2080.6,5.1,6,0,#FFEAD5,,,,,0.39,,,yes,,shape
788,path,215.9,2074.6,5.1,6,0,#FFEAD5,,,,,0.39,,,yes,,shape
789,path,102.8,2074.6,5.1,6,0,#FFEAD5,,,,,0.39,,,yes,,shape
790,path,1100.1,2068.6,5.1,6,0,#FFE1BC,,,,,0.39,,,yes,,shape
791,path,1208,2056.5,5.1,6,0,#B96DFF,,,,,0.39,,,yes,,shape
792,path,622,2056.5,5.1,6,0,#D09DFF,,,,,0.39,,,yes,,shape
793,path,616.9,2056.5,5.1,6,0,#FFEAD5,,,,,0.39,,,yes,,shape
794,path,205.6,2056.5,5.1,6,0,#FFEAD5,,,,,0.39,,,yes,,shape
795,path,200.5,2056.5,5.1,6,0,#FFEAD5,,,,,0.39,,,yes,,shape
796,path,1208,2050.5,5.1,6,0,#B96DFF,,,,,0.39,,,yes,,shape
797,path,622,2050.5,5.1,6,0,#FFEAD5,,,,,0.39,,,yes,,shape
798,path,616.9,2050.5,5.1,6,0,#D09DFF,,,,,0.39,,,yes,,shape
799,path,205.6,2050.5,5.1,6,0,#FFEAD5,,,,,0.39,,,yes,,shape
800,path,200.5,2050.5,5.1,6,0,#FFEAD5,,,,,0.39,,,yes,,shape
801,path,133.7,2050.5,5.1,6,0,#FFEAD5,,,,,0.39,,,yes,,shape
802,path,128.5,2050.5,5.1,6,0,#FFEAD5,,,,,0.39,,,yes,,shape
803,path,1218.3,2044.5,5.1,6,0,#B96DFF,,,,,0.39,,,yes,,shape
804,path,1213.2,2044.5,5.1,6,0,#B96DFF,,,,,0.39,,,yes,,shape
805,path,1202.9,2044.5,5.1,6,0,#B96DFF,,,,,0.39,,,yes,,shape
806,path,1197.8,2044.5,5.1,6,0,#B96DFF,,,,,0.39,,,yes,,shape
807,path,236.5,2044.5,5.1,6,0,#FFEAD5,,,,,0.39,,,yes,,shape
808,path,169.6,2044.5,5.1,6,0,#FF84C7,,,,,0.39,,,yes,,shape
809,path,133.7,2044.5,5.1,6,0,#FFEAD5,,,,,0.39,,,yes,,shape
810,path,128.5,2044.5,5.1,6,0,#FFEAD5,,,,,0.39,,,yes,,shape
811,path,1274.9,2038.4,5.1,6,0,#FFEAD5,,,,,0.39,,,yes,,shape
812,path,1208,2038.4,5.1,6,0,#B96DFF,,,,,0.39,,,yes,,shape
813,path,272.5,2038.4,5.1,6,0,#B96DFF,,,,,0.39,,,yes,,shape
814,path,267.3,2038.4,5.1,6,0,#B96DFF,,,,,0.39,,,yes,,shape
815,path,1208,2032.4,5.1,6,0,#B96DFF,,,,,0.39,,,yes,,shape
816,path,272.5,2032.4,5.1,6,0,#B96DFF,,,,,0.39,,,yes,,shape
817,path,267.3,2032.4,5.1,6,0,#B96DFF,,,,,0.39,,,yes,,shape
818,path,930.4,2020.4,5.1,6,0,#FFEAD5,,,,,0.39,,,yes,,shape
819,path,812.2,2020.4,5.1,6,0,#FFE1BC,,,,,0.39,,,yes,,shape
820,path,956.1,2008.3,5.1,6,0,#B96DFF,,,,,0.39,,,yes,,shape
821,path,951,2008.3,5.1,6,0,#B96DFF,,,,,0.39,,,yes,,shape
822,path,956.1,2002.3,5.1,6,0,#B96DFF,,,,,0.39,,,yes,,shape
823,path,951,2002.3,5.1,6,0,#B96DFF,,,,,0.39,,,yes,,shape
824,path,0,1996.2,5.1,6,0,#FFE1BC,,,,,0.39,,,yes,,shape
825,path,539.8,1990.2,5.1,6,0,#FFE1BC,,,,,0.39,,,yes,,shape
826,path,1028.1,1972.1,5.1,6,0,#FFEAD5,,,,,0.39,,,yes,,shape
827,path,694,1966.1,5.1,6,0,#FF84C7,,,,,0.39,,,yes,,shape
828,path,1012.7,1960.1,5.1,6,0,#FFEAD5,,,,,0.39,,,yes,,shape
829,path,699.1,1960.1,5.1,6,0,#FF84C7,,,,,0.39,,,yes,,shape
830,path,688.8,1960.1,5.1,6,0,#FF84C7,,,,,0.39,,,yes,,shape
831,path,169.6,1960.1,5.1,6,0,#FFE1BC,,,,,0.39,,,yes,,shape
832,path,20.6,1960.1,5.1,6,0,#FFEAD5,,,,,0.39,,,yes,,shape
833,path,1182.3,1954.1,5.1,6,0,#FFEAD5,,,,,0.39,,,yes,,shape
834,path,694,1954.1,5.1,6,0,#FF84C7,,,,,0.39,,,yes,,shape
835,path,431.8,1948,5.1,6,0,#FFEAD5,,,,,0.39,,,yes,,shape
836,path,426.7,1948,5.1,6,0,#FFEAD5,,,,,0.39,,,yes,,shape
837,path,431.8,1942,5.1,6,0,#FFEAD5,,,,,0.39,,,yes,,shape
838,path,426.7,1942,5.1,6,0,#FFEAD5,,,,,0.39,,,yes,,shape
839,path,519.2,3783,5.1,6,0,#FFE1BC,,,,,0.39,,,yes,,shape
840,path,514.1,3777,5.1,6,0,#FFE1BC,,,,,0.39,,,yes,,shape
841,path,524.3,3777,5.1,6,0,#FFE1BC,,,,,0.39,,,yes,,shape
842,path,1064.1,3777,5.1,6,0,#FFEAD5,,,,,0.39,,,yes,,shape
843,path,41.1,3770.9,5.1,6,0,#FFEAD5,,,,,0.39,,,yes,,shape
844,path,46.3,3770.9,5.1,6,0,#FFEAD5,,,,,0.39,,,yes,,shape
845,path,519.2,3770.9,5.1,6,0,#FFE1BC,,,,,0.39,,,yes,,shape
846,path,745.4,3770.9,5.1,6,0,#FFEAD5,,,,,0.39,,,yes,,shape
847,path,41.1,3764.9,5.1,6,0,#FFEAD5,,,,,0.39,,,yes,,shape
848,path,46.3,3764.9,5.1,6,0,#FFEAD5,,,,,0.39,,,yes,,shape
849,path,323.9,3758.9,5.1,6,0,#FFEAD5,,,,,0.39,,,yes,,shape
850,path,776.2,3746.8,5.1,6,0,#FFEAD5,,,,,0.39,,,yes,,shape
851,path,370.1,3728.7,5.1,6,0,#FFEAD5,,,,,0.39,,,yes,,shape
852,path,735.1,3728.7,5.1,6,0,#FFEAD5,,,,,0.39,,,yes,,shape
853,path,1228.6,3722.7,5.1,6,0,#FFE1BC,,,,,0.39,,,yes,,shape
854,path,354.7,3716.7,5.1,6,0,#FFEAD5,,,,,0.39,,,yes,,shape
855,path,1223.5,3716.7,5.1,6,0,#FFE1BC,,,,,0.39,,,yes,,shape
856,path,1228.6,3716.7,5.1,6,0,#FFEAD5,,,,,0.39,,,yes,,shape
857,path,1233.7,3716.7,5.2,6,0,#FFE1BC,,,,,0.39,,,yes,,shape
858,path,1228.6,3710.7,5.1,6,0,#FFE1BC,,,,,0.39,,,yes,,shape
859,path,884.2,3674.5,5.1,6,0,#FFEAD5,,,,,0.39,,,yes,,shape
860,path,889.3,3674.5,5.1,6,0,#FFEAD5,,,,,0.39,,,yes,,shape
861,path,884.2,3668.5,5.1,6,0,#FFEAD5,,,,,0.39,,,yes,,shape
862,path,889.3,3668.5,5.1,6,0,#FFEAD5,,,,,0.39,,,yes,,shape
863,path,200.5,3656.4,5.1,6,0,#FFE1BC,,,,,0.39,,,yes,,shape
864,path,200.5,3650.4,5.1,6,0,#FFE1BC,,,,,0.39,,,yes,,shape
865,path,195.3,3644.4,5.1,6,0,#FFE1BC,,,,,0.39,,,yes,,shape
866,path,200.5,3644.4,5.1,6,0,#E8FFF4,,,,,0.39,,,yes,,shape
867,path,205.6,3644.4,5.1,6,0,#FFE1BC,,,,,0.39,,,yes,,shape
868,path,185.1,3638.3,5.1,6,0,#FFE1BC,,,,,0.39,,,yes,,shape
869,path,190.2,3638.3,5.1,6,0,#FFE1BC,,,,,0.39,,,yes,,shape
870,path,195.3,3638.3,5.1,6,0,#E8FFF4,,,,,0.39,,,yes,,shape
871,path,200.5,3638.3,5.1,6,0,#E8FFF4,,,,,0.39,,,yes,,shape
872,path,205.6,3638.3,5.1,6,0,#E8FFF4,,,,,0.39,,,yes,,shape
873,path,210.8,3638.3,5.1,6,0,#FFE1BC,,,,,0.39,,,yes,,shape
874,path,215.9,3638.3,5.1,6,0,#FFE1BC,,,,,0.39,,,yes,,shape
875,path,195.3,3632.3,5.1,6,0,#FFE1BC,,,,,0.39,,,yes,,shape
876,path,200.5,3632.3,5.1,6,0,#E8FFF4,,,,,0.39,,,yes,,shape
877,path,205.6,3632.3,5.1,6,0,#FFE1BC,,,,,0.39,,,yes,,shape
878,path,200.5,3626.3,5.1,6,0,#FFE1BC,,,,,0.39,,,yes,,shape
879,path,200.5,3620.3,5.1,6,0,#FFE1BC,,,,,0.39,,,yes,,shape
880,path,1007.6,3596.2,5.1,6,0,#FFEAD5,,,,,0.39,,,yes,,shape
881,path,1012.7,3596.2,5.1,6,0,#FFEAD5,,,,,0.39,,,yes,,shape
882,path,154.2,3590.1,5.1,6,0,#FFEAD5,,,,,0.39,,,yes,,shape
883,path,1007.6,3590.1,5.1,6,0,#FFEAD5,,,,,0.39,,,yes,,shape
884,path,1012.7,3590.1,5.1,6,0,#FFE1BC,,,,,0.39,,,yes,,shape
885,path,1172.1,3590.1,5.1,6,0,#FFEAD5,,,,,0.39,,,yes,,shape
886,path,380.4,3584.1,5.1,6,0,#FFE1BC,,,,,0.39,,,yes,,shape
887,path,421.5,3584.1,5.1,6,0,#FFE1BC,,,,,0.39,,,yes,,shape
888,path,426.7,3584.1,5.1,6,0,#E8FFF4,,,,,0.39,,,yes,,shape
889,path,740.2,3584.1,5.1,6,0,#FFEAD5,,,,,0.39,,,yes,,shape
890,path,1017.8,3584.1,5.1,6,0,#FFEAD5,,,,,0.39,,,yes,,shape
891,path,421.5,3578.1,5.1,6,0,#E8FFF4,,,,,0.39,,,yes,,shape
892,path,426.7,3578.1,5.1,6,0,#FFE1BC,,,,,0.39,,,yes,,shape
893,path,1023,3578.1,5.1,6,0,#FFE1BC,,,,,0.39,,,yes,,shape
894,path,1028.1,3572,5.1,6,0,#FFE1BC,,,,,0.39,,,yes,,shape
895,path,1038.4,3560,5.1,6,0,#FFE1BC,,,,,0.39,,,yes,,shape
896,path,1043.5,3554,5.1,6,0,#FFE1BC,,,,,0.39,,,yes,,shape
897,path,1053.8,3541.9,5.1,6,0,#FFE1BC,,,,,0.39,,,yes,,shape
898,path,1244,3535.9,5.1,6,0,#FFE1BC,,,,,0.39,,,yes,,shape
899,path,1249.2,3535.9,5.1,6,0,#FFE1BC,,,,,0.39,,,yes,,shape
900,path,1064.1,3529.9,5.1,6,0,#FFE1BC,,,,,0.39,,,yes,,shape
901,path,1244,3529.9,5.1,6,0,#FFE1BC,,,,,0.39,,,yes,,shape
902,path,1249.2,3529.9,5.1,6,0,#FFE1BC,,,,,0.39,,,yes,,shape
903,path,1259.4,3505.8,5.1,6,0,#FFEAD5,,,,,0.39,,,yes,,shape
904,path,1264.6,3505.8,5.1,6,0,#FFEAD5,,,,,0.39,,,yes,,shape
905,path,1259.4,3499.7,5.1,6,0,#FFEAD5,,,,,0.39,,,yes,,shape
906,path,1264.6,3499.7,5.1,6,0,#FFEAD5,,,,,0.39,,,yes,,shape
907,path,611.7,3487.7,5.1,6,0,#FFEAD5,,,,,0.39,,,yes,,shape
908,path,113.1,3475.6,5.1,6,0,#FF84C7,,,,,0.39,,,yes,,shape
909,path,118.2,3475.6,5.1,6,0,#FFEAD5,,,,,0.39,,,yes,,shape
910,path,113.1,3469.6,5.1,6,0,#FFEAD5,,,,,0.39,,,yes,,shape
911,path,118.2,3469.6,5.1,6,0,#FF84C7,,,,,0.39,,,yes,,shape
912,path,580.9,3469.6,5.1,6,0,#FFEAD5,,,,,0.39,,,yes,,shape
913,path,843.1,3451.5,5.1,6,0,#FFEAD5,,,,,0.39,,,yes,,shape
914,path,848.2,3451.5,5.1,6,0,#FFEAD5,,,,,0.39,,,yes,,shape
915,path,843.1,3445.5,5.1,6,0,#FFEAD5,,,,,0.39,,,yes,,shape
916,path,848.2,3445.5,5.1,6,0,#FFEAD5,,,,,0.39,,,yes,,shape
917,path,87.4,3421.4,5.1,6,0,#FF84C7,,,,,0.39,,,yes,,shape
918,path,246.7,3409.3,5.1,6,0,#FFE1BC,,,,,0.39,,,yes,,shape
919,path,277.6,3403.3,5.1,6,0,#FFE1BC,,,,,0.39,,,yes,,shape
920,path,282.7,3403.3,5.1,6,0,#FFE1BC,,,,,0.39,,,yes,,shape
921,path,277.6,3397.3,5.1,6,0,#FFE1BC,,,,,0.39,,,yes,,shape
922,path,282.7,3397.3,5.1,6,0,#FFE1BC,,,,,0.39,,,yes,,shape
923,path,1033.3,3397.3,5.1,6,0,#FFE1BC,,,,,0.39,,,yes,,shape
924,path,416.4,3391.2,5.1,6,0,#FFEAD5,,,,,0.39,,,yes,,shape
925,path,652.9,3391.2,5.1,6,0,#FF84C7,,,,,0.39,,,yes,,shape
926,path,647.7,3385.2,5.1,6,0,#FF84C7,,,,,0.39,,,yes,,shape
927,path,652.9,3385.2,5.1,6,0,#FFEAD5,,,,,0.39,,,yes,,shape
928,path,658,3385.2,5.1,6,0,#FF84C7,,,,,0.39,,,yes,,shape
929,path,246.7,3379.2,5.1,6,0,#FFEAD5,,,,,0.39,,,yes,,shape
930,path,251.9,3379.2,5.1,6,0,#FFEAD5,,,,,0.39,,,yes,,shape
931,path,652.9,3379.2,5.1,6,0,#FF84C7,,,,,0.39,,,yes,,shape
932,path,246.7,3373.2,5.1,6,0,#FFEAD5,,,,,0.39,,,yes,,shape
933,path,251.9,3373.2,5.1,6,0,#FFEAD5,,,,,0.39,,,yes,,shape
934,path,601.4,3331,5.1,6,0,#FF84C7,,,,,0.39,,,yes,,shape
935,path,606.6,3331,5.1,6,0,#FF84C7,,,,,0.39,,,yes,,shape
936,path,601.4,3325,5.1,6,0,#FF84C7,,,,,0.39,,,yes,,shape
937,path,606.6,3325,5.1,6,0,#FF84C7,,,,,0.39,,,yes,,shape
938,path,1218.3,3312.9,5.1,6,0,#FFEAD5,,,,,0.39,,,yes,,shape
939,path,41.1,3294.8,5.1,6,0,#FF84C7,,,,,0.39,,,yes,,shape
940,path,36,3288.8,5.1,6,0,#FF84C7,,,,,0.39,,,yes,,shape
941,path,41.1,3288.8,5.1,6,0,#FFEAD5,,,,,0.39,,,yes,,shape
942,path,46.3,3288.8,5.1,6,0,#FF84C7,,,,,0.39,,,yes,,shape
943,path,1059,3288.8,5.1,6,0,#FFEAD5,,,,,0.39,,,yes,,shape
944,path,41.1,3282.8,5.1,6,0,#FF84C7,,,,,0.39,,,yes,,shape
945,path,961.3,3282.8,5.1,6,0,#FFEAD5,,,,,0.39,,,yes,,shape
946,path,966.4,3282.8,5.1,6,0,#FFEAD5,,,,,0.39,,,yes,,shape
947,path,1244,3282.8,5.1,6,0,#FF84C7,,,,,0.39,,,yes,,shape
948,path,961.3,3276.7,5.1,6,0,#FFEAD5,,,,,0.39,,,yes,,shape
949,path,966.4,3276.7,5.1,6,0,#FFEAD5,,,,,0.39,,,yes,,shape
950,path,1238.9,3276.7,5.1,6,0,#FF84C7,,,,,0.39,,,yes,,shape
951,path,1249.2,3276.7,5.1,6,0,#FF84C7,,,,,0.39,,,yes,,shape
952,path,1244,3270.7,5.1,6,0,#FF84C7,,,,,0.39,,,yes,,shape
953,path,765.9,3246.6,5.1,6,0,#FF8BC7,,,,,0.39,,,yes,,shape
954,path,812.2,3246.6,5.1,6,0,#FF8BC7,,,,,0.39,,,yes,,shape
955,path,812.2,3240.6,5.1,6,0,#FF8BC7,,,,,0.39,,,yes,,shape
956,path,498.6,3234.6,5.1,6,0,#FF84C7,,,,,0.39,,,yes,,shape
957,path,807.1,3234.6,5.1,6,0,#FF8BC7,,,,,0.39,,,yes,,shape
958,path,812.2,3234.6,5.1,6,0,#FFEAD5,,,,,0.39,,,yes,,shape
959,path,817.3,3234.6,5.1,6,0,#FF8BC7,,,,,0.39,,,yes,,shape
960,path,442.1,3228.5,5.1,6,0,#FFEAD5,,,,,0.39,,,yes,,shape
961,path,796.8,3228.5,5.1,6,0,#FF8BC7,,,,,0.39,,,yes,,shape
962,path,801.9,3228.5,5.1,6,0,#FF8BC7,,,,,0.39,,,yes,,shape
963,path,807.1,3228.5,5.1,6,0,#FFEAD5,,,,,0.39,,,yes,,shape
964,path,812.2,3228.5,5.1,6,0,#FFEAD5,,,,,0.39,,,yes,,shape
965,path,817.3,3228.5,5.1,6,0,#FFEAD5,,,,,0.39,,,yes,,shape
966,path,822.5,3228.5,5.1,6,0,#FF8BC7,,,,,0.39,,,yes,,shape
967,path,827.6,3228.5,5.1,6,0,#FF8BC7,,,,,0.39,,,yes,,shape
968,path,308.4,3222.5,5.1,6,0,#FFE1BC,,,,,0.39,,,yes,,shape
969,path,313.6,3222.5,5.1,6,0,#FFE1BC,,,,,0.39,,,yes,,shape
970,path,807.1,3222.5,5.1,6,0,#FF8BC7,,,,,0.39,,,yes,,shape
971,path,812.2,3222.5,5.1,6,0,#FFEAD5,,,,,0.39,,,yes,,shape
972,path,817.3,3222.5,5.1,6,0,#FF8BC7,,,,,0.39,,,yes,,shape
973,path,303.3,3216.5,5.1,6,0,#FF808D,,,,,0.39,,,yes,,shape
974,path,308.4,3216.5,5.1,6,0,#FFE1BC,,,,,0.39,,,yes,,shape
975,path,313.6,3216.5,5.1,6,0,#FFE1BC,,,,,0.39,,,yes,,shape
976,path,812.2,3216.5,5.1,6,0,#FF8BC7,,,,,0.39,,,yes,,shape
977,path,303.3,3210.4,5.1,6,0,#FF808D,,,,,0.39,,,yes,,shape
978,path,308.4,3210.4,5.1,6,0,#FF808D,,,,,0.39,,,yes,,shape
979,path,452.4,3210.4,5.1,6,0,#B96DFF,,,,,0.39,,,yes,,shape
980,path,812.2,3210.4,5.1,6,0,#FF8BC7,,,,,0.39,,,yes,,shape
981,path,298.2,3204.4,5.1,6,0,#FF69AA,,,,,0.39,,,yes,,shape
982,path,293,3198.4,5.1,6,0,#FF69AA,,,,,0.39,,,yes,,shape
983,path,102.8,3192.4,5.1,6,0,#FFE1BC,,,,,0.39,,,yes,,shape
984,path,287.9,3192.4,5.1,6,0,#FF69AA,,,,,0.39,,,yes,,shape
985,path,282.7,3186.3,5.1,6,0,#FF69AA,,,,,0.39,,,yes,,shape
986,path,277.6,3180.3,5.1,6,0,#FF69AA,,,,,0.39,,,yes,,shape
987,path,267.3,3168.3,5.1,6,0,#FF69AA,,,,,0.39,,,yes,,shape
988,path,262.2,3162.2,5.1,6,0,#FF69AA,,,,,0.39,,,yes,,shape
989,path,652.9,3162.2,5.1,6,0,#FFE1BC,,,,,0.39,,,yes,,shape
990,path,1146.4,3156.2,5.1,6,0,#FFEAD5,,,,,0.39,,,yes,,shape
991,path,251.9,3150.2,5.1,6,0,#FF69AA,,,,,0.39,,,yes,,shape
992,path,241.6,3138.1,5.1,6,0,#FF84C7,,,,,0.39,,,yes,,shape
993,path,226.2,3120,5.1,6,0,#FF84C7,,,,,0.39,,,yes,,shape
994,path,940.7,3120,5.1,6,0,#FFE1BC,,,,,0.39,,,yes,,shape
995,path,210.8,3102,5.1,6,0,#FF84C7,,,,,0.39,,,yes,,shape
996,path,385.5,3071.8,5.1,6,0,#FF84C7,,,,,0.39,,,yes,,shape
997,path,380.4,3065.8,5.1,6,0,#FF84C7,,,,,0.39,,,yes,,shape
998,path,390.7,3065.8,5.1,6,0,#FF84C7,,,,,0.39,,,yes,,shape
999,path,385.5,3059.8,5.1,6,0,#FF84C7,,,,,0.39,,,yes,,shape
1000,path,632.3,3047.7,5.1,6,0,#D09DFF,,,,,0.39,,,yes,,shape
1001,path,1038.4,3041.7,5.1,6,0,#FF84C7,,,,,0.39,,,yes,,shape
1002,path,1043.5,3041.7,5.1,6,0,#FF84C7,,,,,0.39,,,yes,,shape
1003,path,781.4,3035.7,5.1,6,0,#FFE1BC,,,,,0.39,,,yes,,shape
1004,path,786.5,3035.7,5.1,6,0,#FFE1BC,,,,,0.39,,,yes,,shape
1005,path,1038.4,3035.7,5.1,6,0,#FF84C7,,,,,0.39,,,yes,,shape
1006,path,1043.5,3035.7,5.1,6,0,#FF84C7,,,,,0.39,,,yes,,shape
1007,path,781.4,3029.6,5.1,6,0,#FFE1BC,,,,,0.39,,,yes,,shape
1008,path,786.5,3029.6,5.1,6,0,#FFE1BC,,,,,0.39,,,yes,,shape
1009,path,46.3,3023.6,5.1,6,0,#FFEAD5,,,,,0.39,,,yes,,shape
1010,path,997.3,3023.6,5.1,6,0,#FFEAD5,,,,,0.39,,,yes,,shape
1011,path,1059,3017.6,5.1,6,0,#FFEAD5,,,,,0.39,,,yes,,shape
1012,path,1172.1,3017.6,5.1,6,0,#FFEAD5,,,,,0.39,,,yes,,shape
1013,path,174.8,3011.6,5.1,6,0,#FFE1BC,,,,,0.39,,,yes,,shape
1014,path,66.8,2999.5,5.1,6,0,#B96DFF,,,,,0.39,,,yes,,shape
1015,path,652.9,2999.5,5.1,6,0,#D09DFF,,,,,0.39,,,yes,,shape
1016,path,658,2999.5,5.1,6,0,#FFEAD5,,,,,0.39,,,yes,,shape
1017,path,1069.2,2999.5,5.1,6,0,#FFEAD5,,,,,0.39,,,yes,,shape
1018,path,1074.4,2999.5,5.1,6,0,#FFEAD5,,,,,0.39,,,yes,,shape
1019,path,66.8,2993.5,5.1,6,0,#B96DFF,,,,,0.39,,,yes,,shape
1020,path,652.9,2993.5,5.1,6,0,#FFEAD5,,,,,0.39,,,yes,,shape
1021,path,658,2993.5,5.1,6,0,#D09DFF,,,,,0.39,,,yes,,shape
1022,path,1069.2,2993.5,5.1,6,0,#FFEAD5,,,,,0.39,,,yes,,shape
1023,path,1074.4,2993.5,5.1,6,0,#FFEAD5,,,,,0.39,,,yes,,shape
1024,path,1141.2,2993.5,5.1,6,0,#FFEAD5,,,,,0.39,,,yes,,shape
1025,path,1146.4,2993.5,5.1,6,0,#FFEAD5,,,,,0.39,,,yes,,shape
1026,path,56.5,2987.5,5.1,6,0,#B96DFF,,,,,0.39,,,yes,,shape
1027,path,61.7,2987.5,5.1,6,0,#B96DFF,,,,,0.39,,,yes,,shape
1028,path,72,2987.5,5.1,6,0,#B96DFF,,,,,0.39,,,yes,,shape
1029,path,77.1,2987.5,5.1,6,0,#B96DFF,,,,,0.39,,,yes,,shape
1030,path,1038.4,2987.5,5.1,6,0,#FFEAD5,,,,,0.39,,,yes,,shape
1031,path,1105.2,2987.5,5.1,6,0,#FF84C7,,,,,0.39,,,yes,,shape
1032,path,1141.2,2987.5,5.1,6,0,#FFEAD5,,,,,0.39,,,yes,,shape
1033,path,1146.4,2987.5,5.1,6,0,#FFEAD5,,,,,0.39,,,yes,,shape
1034,path,0,2981.4,5.1,6,0,#FFEAD5,,,,,0.39,,,yes,,shape
1035,path,66.8,2981.4,5.1,6,0,#B96DFF,,,,,0.39,,,yes,,shape
1036,path,1002.4,2981.4,5.1,6,0,#B96DFF,,,,,0.39,,,yes,,shape
1037,path,1007.6,2981.4,5.1,6,0,#B96DFF,,,,,0.39,,,yes,,shape
1038,path,66.8,2975.4,5.1,6,0,#B96DFF,,,,,0.39,,,yes,,shape
1039,path,1002.4,2975.4,5.1,6,0,#B96DFF,,,,,0.39,,,yes,,shape
1040,path,1007.6,2975.4,5.1,6,0,#B96DFF,,,,,0.39,,,yes,,shape
1041,path,344.4,2963.4,5.1,6,0,#FFEAD5,,,,,0.39,,,yes,,shape
1042,path,462.7,2963.4,5.1,6,0,#FFE1BC,,,,,0.39,,,yes,,shape
1043,path,318.7,2951.3,5.1,6,0,#B96DFF,,,,,0.39,,,yes,,shape
1044,path,323.9,2951.3,5.1,6,0,#B96DFF,,,,,0.39,,,yes,,shape
1045,path,318.7,2945.3,5.1,6,0,#B96DFF,,,,,0.39,,,yes,,shape
1046,path,323.9,2945.3,5.1,6,0,#B96DFF,,,,,0.39,,,yes,,shape
1047,path,1274.9,2939.2,5.1,6,0,#FFE1BC,,,,,0.39,,,yes,,shape
1048,path,735.1,2933.2,5.1,6,0,#FFE1BC,,,,,0.39,,,yes,,shape
1049,path,246.7,2915.1,5.1,6,0,#FFEAD5,,,,,0.39,,,yes,,shape
1050,path,580.9,2909.1,5.1,6,0,#FF84C7,,,,,0.39,,,yes,,shape
1051,path,262.2,2903.1,5.1,6,0,#FFEAD5,,,,,0.39,,,yes,,shape
1052,path,575.7,2903.1,5.1,6,0,#FF84C7,,,,,0.39,,,yes,,shape
1053,path,586,2903.1,5.1,6,0,#FF84C7,,,,,0.39,,,yes,,shape
1054,path,1105.2,2903.1,5.1,6,0,#FFE1BC,,,,,0.39,,,yes,,shape
1055,path,1254.3,2903.1,5.1,6,0,#FFEAD5,,,,,0.39,,,yes,,shape
1056,path,92.5,2897.1,5.1,6,0,#FFEAD5,,,,,0.39,,,yes,,shape
1057,path,580.9,2897.1,5.1,6,0,#FF84C7,,,,,0.39,,,yes,,shape
1058,path,843.1,2891,5.1,6,0,#FFEAD5,,,,,0.39,,,yes,,shape
1059,path,848.2,2891,5.1,6,0,#FFEAD5,,,,,0.39,,,yes,,shape
1060,path,843.1,2885,5.1,6,0,#FFEAD5,,,,,0.39,,,yes,,shape
1061,path,848.2,2885,5.1,6,0,#FFEAD5,,,,,0.39,,,yes,,shape
1062,path,755.7,4726,5.1,6,0,#FFE1BC,,,,,0.39,,,yes,,shape
1063,path,760.8,4720,5.1,6,0,#FFE1BC,,,,,0.39,,,yes,,shape
1064,path,750.5,4720,5.1,6,0,#FFE1BC,,,,,0.39,,,yes,,shape
1065,path,210.8,4720,5.1,6,0,#FFEAD5,,,,,0.39,,,yes,,shape
1066,path,1233.7,4713.9,5.1,6,0,#FFEAD5,,,,,0.39,,,yes,,shape
1067,path,1228.6,4713.9,5.2,6,0,#FFEAD5,,,,,0.39,,,yes,,shape
1068,path,755.7,4713.9,5.1,6,0,#FFE1BC,,,,,0.39,,,yes,,shape
1069,path,529.5,4713.9,5.1,6,0,#FFEAD5,,,,,0.39,,,yes,,shape
1070,path,1233.7,4707.9,5.1,6,0,#FFEAD5,,,,,0.39,,,yes,,shape
1071,path,1228.6,4707.9,5.2,6,0,#FFEAD5,,,,,0.39,,,yes,,shape
1072,path,951,4701.9,5.1,6,0,#FFEAD5,,,,,0.39,,,yes,,shape
1073,path,498.6,4689.8,5.1,6,0,#FFEAD5,,,,,0.39,,,yes,,shape
1074,path,904.7,4671.7,5.1,6,0,#FFEAD5,,,,,0.39,,,yes,,shape
1075,path,539.8,4671.7,5.1,6,0,#FFEAD5,,,,,0.39,,,yes,,shape
1076,path,46.3,4665.7,5.1,6,0,#FFE1BC,,,,,0.39,,,yes,,shape
1077,path,920.2,4659.7,5.1,6,0,#FFEAD5,,,,,0.39,,,yes,,shape
1078,path,51.4,4659.7,5.1,6,0,#FFE1BC,,,,,0.39,,,yes,,shape
1079,path,46.3,4659.7,5.1,6,0,#FFEAD5,,,,,0.39,,,yes,,shape
1080,path,41.1,4659.7,5.1,6,0,#FFE1BC,,,,,0.39,,,yes,,shape
1081,path,46.3,4653.7,5.1,6,0,#FFE1BC,,,,,0.39,,,yes,,shape
1082,path,390.7,4617.5,5.1,6,0,#FFEAD5,,,,,0.39,,,yes,,shape
1083,path,385.5,4617.5,5.1,6,0,#FFEAD5,,,,,0.39,,,yes,,shape
1084,path,390.7,4611.5,5.1,6,0,#FFEAD5,,,,,0.39,,,yes,,shape
1085,path,385.5,4611.5,5.1,6,0,#FFEAD5,,,,,0.39,,,yes,,shape
1086,path,1074.4,4599.4,5.1,6,0,#FFE1BC,,,,,0.39,,,yes,,shape
1087,path,1074.4,4593.4,5.1,6,0,#FFE1BC,,,,,0.39,,,yes,,shape
1088,path,1079.5,4587.4,5.1,6,0,#FFE1BC,,,,,0.39,,,yes,,shape
1089,path,1074.4,4587.4,5.1,6,0,#E8FFF4,,,,,0.39,,,yes,,shape
1090,path,1069.2,4587.4,5.1,6,0,#FFE1BC,,,,,0.39,,,yes,,shape
1091,path,1089.8,4581.3,5.1,6,0,#FFE1BC,,,,,0.39,,,yes,,shape
1092,path,1084.7,4581.3,5.1,6,0,#FFE1BC,,,,,0.39,,,yes,,shape
1093,path,1079.5,4581.3,5.1,6,0,#E8FFF4,,,,,0.39,,,yes,,shape
1094,path,1074.4,4581.3,5.1,6,0,#E8FFF4,,,,,0.39,,,yes,,shape
1095,path,1069.2,4581.3,5.1,6,0,#E8FFF4,,,,,0.39,,,yes,,shape
1096,path,1064.1,4581.3,5.1,6,0,#FFE1BC,,,,,0.39,,,yes,,shape
1097,path,1059,4581.3,5.1,6,0,#FFE1BC,,,,,0.39,,,yes,,shape
1098,path,1079.5,4575.3,5.1,6,0,#FFE1BC,,,,,0.39,,,yes,,shape
1099,path,1074.4,4575.3,5.1,6,0,#E8FFF4,,,,,0.39,,,yes,,shape
1100,path,1069.2,4575.3,5.1,6,0,#FFE1BC,,,,,0.39,,,yes,,shape
1101,path,1074.4,4569.3,5.1,6,0,#FFE1BC,,,,,0.39,,,yes,,shape
1102,path,1074.4,4563.3,5.1,6,0,#FFE1BC,,,,,0.39,,,yes,,shape
1103,path,267.3,4539.2,5.1,6,0,#FFEAD5,,,,,0.39,,,yes,,shape
1104,path,262.2,4539.2,5.1,6,0,#FFEAD5,,,,,0.39,,,yes,,shape
1105,path,1120.6,4533.1,5.1,6,0,#FFEAD5,,,,,0.39,,,yes,,shape
1106,path,267.3,4533.1,5.1,6,0,#FFEAD5,,,,,0.39,,,yes,,shape
1107,path,262.2,4533.1,5.1,6,0,#FFE1BC,,,,,0.39,,,yes,,shape
1108,path,102.8,4533.1,5.1,6,0,#FFEAD5,,,,,0.39,,,yes,,shape
1109,path,894.5,4527.1,5.1,6,0,#FFE1BC,,,,,0.39,,,yes,,shape
1110,path,853.3,4527.1,5.1,6,0,#FFE1BC,,,,,0.39,,,yes,,shape
1111,path,848.2,4527.1,5.1,6,0,#E8FFF4,,,,,0.39,,,yes,,shape
1112,path,534.6,4527.1,5.1,6,0,#FFEAD5,,,,,0.39,,,yes,,shape
1113,path,257,4527.1,5.1,6,0,#FFEAD5,,,,,0.39,,,yes,,shape
1114,path,853.3,4521.1,5.1,6,0,#E8FFF4,,,,,0.39,,,yes,,shape
1115,path,848.2,4521.1,5.1,6,0,#FFE1BC,,,,,0.39,,,yes,,shape
1116,path,251.9,4521.1,5.1,6,0,#FFE1BC,,,,,0.39,,,yes,,shape
1117,path,246.7,4515,5.1,6,0,#FFE1BC,,,,,0.39,,,yes,,shape
1118,path,236.5,4503,5.1,6,0,#FFE1BC,,,,,0.39,,,yes,,shape
1119,path,231.3,4497,5.1,6,0,#FFE1BC,,,,,0.39,,,yes,,shape
1120,path,221,4484.9,5.1,6,0,#FFE1BC,,,,,0.39,,,yes,,shape
1121,path,30.8,4478.9,5.1,6,0,#FFE1BC,,,,,0.39,,,yes,,shape
1122,path,25.7,4478.9,5.1,6,0,#FFE1BC,,,,,0.39,,,yes,,shape
1123,path,210.8,4472.9,5.1,6,0,#FFE1BC,,,,,0.39,,,yes,,shape
1124,path,30.8,4472.9,5.1,6,0,#FFE1BC,,,,,0.39,,,yes,,shape
1125,path,25.7,4472.9,5.1,6,0,#FFE1BC,,,,,0.39,,,yes,,shape
1126,path,15.4,4448.8,5.1,6,0,#FFEAD5,,,,,0.39,,,yes,,shape
1127,path,10.3,4448.8,5.1,6,0,#FFEAD5,,,,,0.39,,,yes,,shape
1128,path,15.4,4442.7,5.1,6,0,#FFEAD5,,,,,0.39,,,yes,,shape
1129,path,10.3,4442.7,5.1,6,0,#FFEAD5,,,,,0.39,,,yes,,shape
1130,path,663.1,4430.7,5.1,6,0,#FFEAD5,,,,,0.39,,,yes,,shape
1131,path,1161.8,4418.6,5.1,6,0,#FF84C7,,,,,0.39,,,yes,,shape
1132,path,1156.6,4418.6,5.1,6,0,#FFEAD5,,,,,0.39,,,yes,,shape
1133,path,1161.8,4412.6,5.1,6,0,#FFEAD5,,,,,0.39,,,yes,,shape
1134,path,1156.6,4412.6,5.1,6,0,#FF84C7,,,,,0.39,,,yes,,shape
1135,path,694,4412.6,5.1,6,0,#FFEAD5,,,,,0.39,,,yes,,shape
1136,path,431.8,4394.5,5.1,6,0,#FFEAD5,,,,,0.39,,,yes,,shape
1137,path,426.7,4394.5,5.1,6,0,#FFEAD5,,,,,0.39,,,yes,,shape
1138,path,431.8,4388.5,5.1,6,0,#FFEAD5,,,,,0.39,,,yes,,shape
1139,path,426.7,4388.5,5.1,6,0,#FFEAD5,,,,,0.39,,,yes,,shape
1140,path,1187.5,4364.4,5.1,6,0,#FF84C7,,,,,0.39,,,yes,,shape
1141,path,1028.1,4352.3,5.1,6,0,#FFE1BC,,,,,0.39,,,yes,,shape
1142,path,997.3,4346.3,5.1,6,0,#FFE1BC,,,,,0.39,,,yes,,shape
1143,path,992.1,4346.3,5.1,6,0,#FFE1BC,,,,,0.39,,,yes,,shape
1144,path,997.3,4340.3,5.1,6,0,#FFE1BC,,,,,0.39,,,yes,,shape
1145,path,992.1,4340.3,5.1,6,0,#FFE1BC,,,,,0.39,,,yes,,shape
1146,path,241.6,4340.3,5.1,6,0,#FFE1BC,,,,,0.39,,,yes,,shape
1147,path,858.5,4334.2,5.1,6,0,#FFEAD5,,,,,0.39,,,yes,,shape
1148,path,622,4334.2,5.1,6,0,#FF84C7,,,,,0.39,,,yes,,shape
1149,path,627.1,4328.2,5.1,6,0,#FF84C7,,,,,0.39,,,yes,,shape
1150,path,622,4328.2,5.1,6,0,#FFEAD5,,,,,0.39,,,yes,,shape
1151,path,616.9,4328.2,5.1,6,0,#FF84C7,,,,,0.39,,,yes,,shape
1152,path,1028.1,4322.2,5.1,6,0,#FFEAD5,,,,,0.39,,,yes,,shape
1153,path,1023,4322.2,5.1,6,0,#FFEAD5,,,,,0.39,,,yes,,shape
1154,path,622,4322.2,5.1,6,0,#FF84C7,,,,,0.39,,,yes,,shape
1155,path,1028.1,4316.2,5.1,6,0,#FFEAD5,,,,,0.39,,,yes,,shape
1156,path,1023,4316.2,5.1,6,0,#FFEAD5,,,,,0.39,,,yes,,shape
1157,path,673.4,4274,5.1,6,0,#FF84C7,,,,,0.39,,,yes,,shape
1158,path,668.3,4274,5.1,6,0,#FF84C7,,,,,0.39,,,yes,,shape
1159,path,673.4,4268,5.1,6,0,#FF84C7,,,,,0.39,,,yes,,shape
1160,path,668.3,4268,5.1,6,0,#FF84C7,,,,,0.39,,,yes,,shape
1161,path,56.5,4255.9,5.1,6,0,#FFEAD5,,,,,0.39,,,yes,,shape
1162,path,1233.7,4237.8,5.1,6,0,#FF84C7,,,,,0.39,,,yes,,shape
1163,path,1238.9,4231.8,5.1,6,0,#FF84C7,,,,,0.39,,,yes,,shape
1164,path,1233.7,4231.8,5.1,6,0,#FFEAD5,,,,,0.39,,,yes,,shape
1165,path,1228.6,4231.8,5.2,6,0,#FF84C7,,,,,0.39,,,yes,,shape
1166,path,215.9,4231.8,5.1,6,0,#FFEAD5,,,,,0.39,,,yes,,shape
1167,path,1233.7,4225.8,5.1,6,0,#FF84C7,,,,,0.39,,,yes,,shape
1168,path,313.6,4225.8,5.1,6,0,#FFEAD5,,,,,0.39,,,yes,,shape
1169,path,308.4,4225.8,5.1,6,0,#FFEAD5,,,,,0.39,,,yes,,shape
1170,path,30.8,4225.8,5.1,6,0,#FF84C7,,,,,0.39,,,yes,,shape
1171,path,313.6,4219.7,5.1,6,0,#FFEAD5,,,,,0.39,,,yes,,shape
1172,path,308.4,4219.7,5.1,6,0,#FFEAD5,,,,,0.39,,,yes,,shape
1173,path,36,4219.7,5.1,6,0,#FF84C7,,,,,0.39,,,yes,,shape
1174,path,25.7,4219.7,5.1,6,0,#FF84C7,,,,,0.39,,,yes,,shape
1175,path,30.8,4213.7,5.1,6,0,#FF84C7,,,,,0.39,,,yes,,shape
1176,path,508.9,4189.6,5.1,6,0,#FF8BC7,,,,,0.39,,,yes,,shape
1177,path,462.7,4189.6,5.1,6,0,#FF8BC7,,,,,0.39,,,yes,,shape
1178,path,462.7,4183.6,5.1,6,0,#FF8BC7,,,,,0.39,,,yes,,shape
1179,path,776.2,4177.6,5.1,6,0,#FF84C7,,,,,0.39,,,yes,,shape
1180,path,467.8,4177.6,5.1,6,0,#FF8BC7,,,,,0.39,,,yes,,shape
1181,path,462.7,4177.6,5.1,6,0,#FFEAD5,,,,,0.39,,,yes,,shape
1182,path,457.5,4177.6,5.1,6,0,#FF8BC7,,,,,0.39,,,yes,,shape
1183,path,832.8,4171.5,5.1,6,0,#FFEAD5,,,,,0.39,,,yes,,shape
1184,path,478.1,4171.5,5.1,6,0,#FF8BC7,,,,,0.39,,,yes,,shape
1185,path,472.9,4171.5,5.1,6,0,#FF8BC7,,,,,0.39,,,yes,,shape
1186,path,467.8,4171.5,5.1,6,0,#FFEAD5,,,,,0.39,,,yes,,shape
1187,path,462.7,4171.5,5.1,6,0,#FFEAD5,,,,,0.39,,,yes,,shape
1188,path,457.5,4171.5,5.1,6,0,#FFEAD5,,,,,0.39,,,yes,,shape
1189,path,452.4,4171.5,5.1,6,0,#FF8BC7,,,,,0.39,,,yes,,shape
1190,path,447.2,4171.5,5.1,6,0,#FF8BC7,,,,,0.39,,,yes,,shape
1191,path,966.4,4165.5,5.1,6,0,#FFE1BC,,,,,0.39,,,yes,,shape
1192,path,961.3,4165.5,5.1,6,0,#FFE1BC,,,,,0.39,,,yes,,shape
1193,path,467.8,4165.5,5.1,6,0,#FF8BC7,,,,,0.39,,,yes,,shape
1194,path,462.7,4165.5,5.1,6,0,#FFEAD5,,,,,0.39,,,yes,,shape
1195,path,457.5,4165.5,5.1,6,0,#FF8BC7,,,,,0.39,,,yes,,shape
1196,path,971.6,4159.5,5.1,6,0,#FF808D,,,,,0.39,,,yes,,shape
1197,path,966.4,4159.5,5.1,6,0,#FFE1BC,,,,,0.39,,,yes,,shape
1198,path,961.3,4159.5,5.1,6,0,#FFE1BC,,,,,0.39,,,yes,,shape
1199,path,462.7,4159.5,5.1,6,0,#FF8BC7,,,,,0.39,,,yes,,shape
1200,path,971.6,4153.4,5.1,6,0,#FF808D,,,,,0.39,,,yes,,shape
1201,path,966.4,4153.4,5.1,6,0,#FF808D,,,,,0.39,,,yes,,shape
1202,path,822.5,4153.4,5.1,6,0,#B96DFF,,,,,0.39,,,yes,,shape
1203,path,462.7,4153.4,5.1,6,0,#FF8BC7,,,,,0.39,,,yes,,shape
1204,path,976.7,4147.4,5.1,6,0,#FF69AA,,,,,0.39,,,yes,,shape
1205,path,981.8,4141.4,5.1,6,0,#FF69AA,,,,,0.39,,,yes,,shape
1206,path,1172.1,4135.4,5.1,6,0,#FFE1BC,,,,,0.39,,,yes,,shape
1207,path,987,4135.4,5.1,6,0,#FF69AA,,,,,0.39,,,yes,,shape
1208,path,992.1,4129.3,5.1,6,0,#FF69AA,,,,,0.39,,,yes,,shape
1209,path,997.3,4123.3,5.1,6,0,#FF69AA,,,,,0.39,,,yes,,shape
1210,path,1007.6,4111.3,5.1,6,0,#FF69AA,,,,,0.39,,,yes,,shape
1211,path,1012.7,4105.2,5.1,6,0,#FF69AA,,,,,0.39,,,yes,,shape
1212,path,622,4105.2,5.1,6,0,#FFE1BC,,,,,0.39,,,yes,,shape
1213,path,128.5,4099.2,5.1,6,0,#FFEAD5,,,,,0.39,,,yes,,shape
1214,path,1023,4093.2,5.1,6,0,#FF69AA,,,,,0.39,,,yes,,shape
1215,path,1033.3,4081.1,5.1,6,0,#FF84C7,,,,,0.39,,,yes,,shape
1216,path,1048.7,4063,5.1,6,0,#FF84C7,,,,,0.39,,,yes,,shape
1217,path,334.1,4063,5.1,6,0,#FFE1BC,,,,,0.39,,,yes,,shape
1218,path,1064.1,4045,5.1,6,0,#FF84C7,,,,,0.39,,,yes,,shape
1219,path,889.3,4014.8,5.1,6,0,#FF84C7,,,,,0.39,,,yes,,shape
1220,path,894.5,4008.8,5.1,6,0,#FF84C7,,,,,0.39,,,yes,,shape
1221,path,884.2,4008.8,5.1,6,0,#FF84C7,,,,,0.39,,,yes,,shape
1222,path,889.3,4002.8,5.1,6,0,#FF84C7,,,,,0.39,,,yes,,shape
1223,path,642.6,3990.7,5.1,6,0,#D09DFF,,,,,0.39,,,yes,,shape
1224,path,236.5,3984.7,5.1,6,0,#FF84C7,,,,,0.39,,,yes,,shape
1225,path,231.3,3984.7,5.1,6,0,#FF84C7,,,,,0.39,,,yes,,shape
1226,path,493.5,3978.7,5.1,6,0,#FFE1BC,,,,,0.39,,,yes,,shape
1227,path,488.4,3978.7,5.1,6,0,#FFE1BC,,,,,0.39,,,yes,,shape
1228,path,236.5,3978.7,5.1,6,0,#FF84C7,,,,,0.39,,,yes,,shape
1229,path,231.3,3978.7,5.1,6,0,#FF84C7,,,,,0.39,,,yes,,shape
1230,path,493.5,3972.6,5.1,6,0,#FFE1BC,,,,,0.39,,,yes,,shape
1231,path,488.4,3972.6,5.1,6,0,#FFE1BC,,,,,0.39,,,yes,,shape
1232,path,1228.6,3966.6,5.2,6,0,#FFEAD5,,,,,0.39,,,yes,,shape
1233,path,277.6,3966.6,5.1,6,0,#FFEAD5,,,,,0.39,,,yes,,shape
1234,path,215.9,3960.6,5.1,6,0,#FFEAD5,,,,,0.39,,,yes,,shape
1235,path,102.8,3960.6,5.1,6,0,#FFEAD5,,,,,0.39,,,yes,,shape
1236,path,1100.1,3954.6,5.1,6,0,#FFE1BC,,,,,0.39,,,yes,,shape
1237,path,1208,3942.5,5.1,6,0,#B96DFF,,,,,0.39,,,yes,,shape
1238,path,622,3942.5,5.1,6,0,#D09DFF,,,,,0.39,,,yes,,shape
1239,path,616.9,3942.5,5.1,6,0,#FFEAD5,,,,,0.39,,,yes,,shape
1240,path,205.6,3942.5,5.1,6,0,#FFEAD5,,,,,0.39,,,yes,,shape
1241,path,200.5,3942.5,5.1,6,0,#FFEAD5,,,,,0.39,,,yes,,shape
1242,path,1208,3936.5,5.1,6,0,#B96DFF,,,,,0.39,,,yes,,shape
1243,path,622,3936.5,5.1,6,0,#FFEAD5,,,,,0.39,,,yes,,shape
1244,path,616.9,3936.5,5.1,6,0,#D09DFF,,,,,0.39,,,yes,,shape
1245,path,205.6,3936.5,5.1,6,0,#FFEAD5,,,,,0.39,,,yes,,shape
1246,path,200.5,3936.5,5.1,6,0,#FFEAD5,,,,,0.39,,,yes,,shape
1247,path,133.7,3936.5,5.1,6,0,#FFEAD5,,,,,0.39,,,yes,,shape
1248,path,128.5,3936.5,5.1,6,0,#FFEAD5,,,,,0.39,,,yes,,shape
1249,path,1218.3,3930.5,5.1,6,0,#B96DFF,,,,,0.39,,,yes,,shape
1250,path,1213.2,3930.5,5.1,6,0,#B96DFF,,,,,0.39,,,yes,,shape
1251,path,1202.9,3930.5,5.1,6,0,#B96DFF,,,,,0.39,,,yes,,shape
1252,path,1197.8,3930.5,5.1,6,0,#B96DFF,,,,,0.39,,,yes,,shape
1253,path,236.5,3930.5,5.1,6,0,#FFEAD5,,,,,0.39,,,yes,,shape
1254,path,169.6,3930.5,5.1,6,0,#FF84C7,,,,,0.39,,,yes,,shape
1255,path,133.7,3930.5,5.1,6,0,#FFEAD5,,,,,0.39,,,yes,,shape
1256,path,128.5,3930.5,5.1,6,0,#FFEAD5,,,,,0.39,,,yes,,shape
1257,path,1274.9,3924.4,5.1,6,0,#FFEAD5,,,,,0.39,,,yes,,shape
1258,path,1208,3924.4,5.1,6,0,#B96DFF,,,,,0.39,,,yes,,shape
1259,path,272.5,3924.4,5.1,6,0,#B96DFF,,,,,0.39,,,yes,,shape
1260,path,267.3,3924.4,5.1,6,0,#B96DFF,,,,,0.39,,,yes,,shape
1261,path,1208,3918.4,5.1,6,0,#B96DFF,,,,,0.39,,,yes,,shape
1262,path,272.5,3918.4,5.1,6,0,#B96DFF,,,,,0.39,,,yes,,shape
1263,path,267.3,3918.4,5.1,6,0,#B96DFF,,,,,0.39,,,yes,,shape
1264,path,930.4,3906.4,5.1,6,0,#FFEAD5,,,,,0.39,,,yes,,shape
1265,path,812.2,3906.4,5.1,6,0,#FFE1BC,,,,,0.39,,,yes,,shape
1266,path,956.1,3894.3,5.1,6,0,#B96DFF,,,,,0.39,,,yes,,shape
1267,path,951,3894.3,5.1,6,0,#B96DFF,,,,,0.39,,,yes,,shape
1268,path,956.1,3888.3,5.1,6,0,#B96DFF,,,,,0.39,,,yes,,shape
1269,path,951,3888.3,5.1,6,0,#B96DFF,,,,,0.39,,,yes,,shape
1270,path,0,3882.2,5.1,6,0,#FFE1BC,,,,,0.39,,,yes,,shape
1271,path,539.8,3876.2,5.1,6,0,#FFE1BC,,,,,0.39,,,yes,,shape
1272,path,1028.1,3858.1,5.1,6,0,#FFEAD5,,,,,0.39,,,yes,,shape
1273,path,694,3852.1,5.1,6,0,#FF84C7,,,,,0.39,,,yes,,shape
1274,path,1012.7,3846.1,5.1,6,0,#FFEAD5,,,,,0.39,,,yes,,shape
1275,path,699.1,3846.1,5.1,6,0,#FF84C7,,,,,0.39,,,yes,,shape
1276,path,688.8,3846.1,5.1,6,0,#FF84C7,,,,,0.39,,,yes,,shape
1277,path,169.6,3846.1,5.1,6,0,#FFE1BC,,,,,0.39,,,yes,,shape
1278,path,20.6,3846.1,5.1,6,0,#FFEAD5,,,,,0.39,,,yes,,shape
1279,path,1182.3,3840.1,5.1,6,0,#FFEAD5,,,,,0.39,,,yes,,shape
1280,path,694,3840.1,5.1,6,0,#FF84C7,,,,,0.39,,,yes,,shape
1281,path,431.8,3834,5.1,6,0,#FFEAD5,,,,,0.39,,,yes,,shape
1282,path,426.7,3834,5.1,6,0,#FFEAD5,,,,,0.39,,,yes,,shape
1283,path,431.8,3828,5.1,6,0,#FFEAD5,,,,,0.39,,,yes,,shape
1284,path,426.7,3828,5.1,6,0,#FFEAD5,,,,,0.39,,,yes,,shape
1285,path,519.2,5669,5.1,6,0,#FFE1BC,,,,,0.39,,,yes,,shape
1286,path,514.1,5663,5.1,6,0,#FFE1BC,,,,,0.39,,,yes,,shape
1287,path,524.3,5663,5.1,6,0,#FFE1BC,,,,,0.39,,,yes,,shape
1288,path,1064.1,5663,5.1,6,0,#FFEAD5,,,,,0.39,,,yes,,shape
1289,path,41.1,5656.9,5.1,6,0,#FFEAD5,,,,,0.39,,,yes,,shape
1290,path,46.3,5656.9,5.1,6,0,#FFEAD5,,,,,0.39,,,yes,,shape
1291,path,519.2,5656.9,5.1,6,0,#FFE1BC,,,,,0.39,,,yes,,shape
1292,path,745.4,5656.9,5.1,6,0,#FFEAD5,,,,,0.39,,,yes,,shape
1293,path,41.1,5650.9,5.1,6,0,#FFEAD5,,,,,0.39,,,yes,,shape
1294,path,46.3,5650.9,5.1,6,0,#FFEAD5,,,,,0.39,,,yes,,shape
1295,path,323.9,5644.9,5.1,6,0,#FFEAD5,,,,,0.39,,,yes,,shape
1296,path,776.2,5632.8,5.1,6,0,#FFEAD5,,,,,0.39,,,yes,,shape
1297,path,370.1,5614.7,5.1,6,0,#FFEAD5,,,,,0.39,,,yes,,shape
1298,path,735.1,5614.7,5.1,6,0,#FFEAD5,,,,,0.39,,,yes,,shape
1299,path,1228.6,5608.7,5.1,6,0,#FFE1BC,,,,,0.39,,,yes,,shape
1300,path,354.7,5602.7,5.1,6,0,#FFEAD5,,,,,0.39,,,yes,,shape
1301,path,1223.5,5602.7,5.1,6,0,#FFE1BC,,,,,0.39,,,yes,,shape
1302,path,1228.6,5602.7,5.1,6,0,#FFEAD5,,,,,0.39,,,yes,,shape
1303,path,1233.7,5602.7,5.2,6,0,#FFE1BC,,,,,0.39,,,yes,,shape
1304,path,1228.6,5596.7,5.1,6,0,#FFE1BC,,,,,0.39,,,yes,,shape
1305,path,884.2,5560.5,5.1,6,0,#FFEAD5,,,,,0.39,,,yes,,shape
1306,path,889.3,5560.5,5.1,6,0,#FFEAD5,,,,,0.39,,,yes,,shape
1307,path,884.2,5554.5,5.1,6,0,#FFEAD5,,,,,0.39,,,yes,,shape
1308,path,889.3,5554.5,5.1,6,0,#FFEAD5,,,,,0.39,,,yes,,shape
1309,path,200.5,5542.4,5.1,6,0,#FFE1BC,,,,,0.39,,,yes,,shape
1310,path,200.5,5536.4,5.1,6,0,#FFE1BC,,,,,0.39,,,yes,,shape
1311,path,195.3,5530.4,5.1,6,0,#FFE1BC,,,,,0.39,,,yes,,shape
1312,path,200.5,5530.4,5.1,6,0,#E8FFF4,,,,,0.39,,,yes,,shape
1313,path,205.6,5530.4,5.1,6,0,#FFE1BC,,,,,0.39,,,yes,,shape
1314,path,185.1,5524.3,5.1,6,0,#FFE1BC,,,,,0.39,,,yes,,shape
1315,path,190.2,5524.3,5.1,6,0,#FFE1BC,,,,,0.39,,,yes,,shape
1316,path,195.3,5524.3,5.1,6,0,#E8FFF4,,,,,0.39,,,yes,,shape
1317,path,200.5,5524.3,5.1,6,0,#E8FFF4,,,,,0.39,,,yes,,shape
1318,path,205.6,5524.3,5.1,6,0,#E8FFF4,,,,,0.39,,,yes,,shape
1319,path,210.8,5524.3,5.1,6,0,#FFE1BC,,,,,0.39,,,yes,,shape
1320,path,215.9,5524.3,5.1,6,0,#FFE1BC,,,,,0.39,,,yes,,shape
1321,path,195.3,5518.3,5.1,6,0,#FFE1BC,,,,,0.39,,,yes,,shape
1322,path,200.5,5518.3,5.1,6,0,#E8FFF4,,,,,0.39,,,yes,,shape
1323,path,205.6,5518.3,5.1,6,0,#FFE1BC,,,,,0.39,,,yes,,shape
1324,path,200.5,5512.3,5.1,6,0,#FFE1BC,,,,,0.39,,,yes,,shape
1325,path,200.5,5506.3,5.1,6,0,#FFE1BC,,,,,0.39,,,yes,,shape
1326,path,1007.6,5482.2,5.1,6,0,#FFEAD5,,,,,0.39,,,yes,,shape
1327,path,1012.7,5482.2,5.1,6,0,#FFEAD5,,,,,0.39,,,yes,,shape
1328,path,154.2,5476.1,5.1,6,0,#FFEAD5,,,,,0.39,,,yes,,shape
1329,path,1007.6,5476.1,5.1,6,0,#FFEAD5,,,,,0.39,,,yes,,shape
1330,path,1012.7,5476.1,5.1,6,0,#FFE1BC,,,,,0.39,,,yes,,shape
1331,path,1172.1,5476.1,5.1,6,0,#FFEAD5,,,,,0.39,,,yes,,shape
1332,path,380.4,5470.1,5.1,6,0,#FFE1BC,,,,,0.39,,,yes,,shape
1333,path,421.5,5470.1,5.1,6,0,#FFE1BC,,,,,0.39,,,yes,,shape
1334,path,426.7,5470.1,5.1,6,0,#E8FFF4,,,,,0.39,,,yes,,shape
1335,path,740.2,5470.1,5.1,6,0,#FFEAD5,,,,,0.39,,,yes,,shape
1336,path,1017.8,5470.1,5.1,6,0,#FFEAD5,,,,,0.39,,,yes,,shape
1337,path,421.5,5464.1,5.1,6,0,#E8FFF4,,,,,0.39,,,yes,,shape
1338,path,426.7,5464.1,5.1,6,0,#FFE1BC,,,,,0.39,,,yes,,shape
1339,path,1023,5464.1,5.1,6,0,#FFE1BC,,,,,0.39,,,yes,,shape
1340,path,1028.1,5458,5.1,6,0,#FFE1BC,,,,,0.39,,,yes,,shape
1341,path,1038.4,5446,5.1,6,0,#FFE1BC,,,,,0.39,,,yes,,shape
1342,path,1043.5,5440,5.1,6,0,#FFE1BC,,,,,0.39,,,yes,,shape
1343,path,1053.8,5427.9,5.1,6,0,#FFE1BC,,,,,0.39,,,yes,,shape
1344,path,1244,5421.9,5.1,6,0,#FFE1BC,,,,,0.39,,,yes,,shape
1345,path,1249.2,5421.9,5.1,6,0,#FFE1BC,,,,,0.39,,,yes,,shape
1346,path,1064.1,5415.9,5.1,6,0,#FFE1BC,,,,,0.39,,,yes,,shape
1347,path,1244,5415.9,5.1,6,0,#FFE1BC,,,,,0.39,,,yes,,shape
1348,path,1249.2,5415.9,5.1,6,0,#FFE1BC,,,,,0.39,,,yes,,shape
1349,path,1259.4,5391.8,5.1,6,0,#FFEAD5,,,,,0.39,,,yes,,shape
1350,path,1264.6,5391.8,5.1,6,0,#FFEAD5,,,,,0.39,,,yes,,shape
1351,path,1259.4,5385.7,5.1,6,0,#FFEAD5,,,,,0.39,,,yes,,shape
1352,path,1264.6,5385.7,5.1,6,0,#FFEAD5,,,,,0.39,,,yes,,shape
1353,path,611.7,5373.7,5.1,6,0,#FFEAD5,,,,,0.39,,,yes,,shape
1354,path,113.1,5361.6,5.1,6,0,#FF84C7,,,,,0.39,,,yes,,shape
1355,path,118.2,5361.6,5.1,6,0,#FFEAD5,,,,,0.39,,,yes,,shape
1356,path,113.1,5355.6,5.1,6,0,#FFEAD5,,,,,0.39,,,yes,,shape
1357,path,118.2,5355.6,5.1,6,0,#FF84C7,,,,,0.39,,,yes,,shape
1358,path,580.9,5355.6,5.1,6,0,#FFEAD5,,,,,0.39,,,yes,,shape
1359,path,843.1,5337.5,5.1,6,0,#FFEAD5,,,,,0.39,,,yes,,shape
1360,path,848.2,5337.5,5.1,6,0,#FFEAD5,,,,,0.39,,,yes,,shape
1361,path,843.1,5331.5,5.1,6,0,#FFEAD5,,,,,0.39,,,yes,,shape
1362,path,848.2,5331.5,5.1,6,0,#FFEAD5,,,,,0.39,,,yes,,shape
1363,path,87.4,5307.4,5.1,6,0,#FF84C7,,,,,0.39,,,yes,,shape
1364,path,246.7,5295.3,5.1,6,0,#FFE1BC,,,,,0.39,,,yes,,shape
1365,path,277.6,5289.3,5.1,6,0,#FFE1BC,,,,,0.39,,,yes,,shape
1366,path,282.7,5289.3,5.1,6,0,#FFE1BC,,,,,0.39,,,yes,,shape
1367,path,277.6,5283.3,5.1,6,0,#FFE1BC,,,,,0.39,,,yes,,shape
1368,path,282.7,5283.3,5.1,6,0,#FFE1BC,,,,,0.39,,,yes,,shape
1369,path,1033.3,5283.3,5.1,6,0,#FFE1BC,,,,,0.39,,,yes,,shape
1370,path,416.4,5277.2,5.1,6,0,#FFEAD5,,,,,0.39,,,yes,,shape
1371,path,652.9,5277.2,5.1,6,0,#FF84C7,,,,,0.39,,,yes,,shape
1372,path,647.7,5271.2,5.1,6,0,#FF84C7,,,,,0.39,,,yes,,shape
1373,path,652.9,5271.2,5.1,6,0,#FFEAD5,,,,,0.39,,,yes,,shape
1374,path,658,5271.2,5.1,6,0,#FF84C7,,,,,0.39,,,yes,,shape
1375,path,246.7,5265.2,5.1,6,0,#FFEAD5,,,,,0.39,,,yes,,shape
1376,path,251.9,5265.2,5.1,6,0,#FFEAD5,,,,,0.39,,,yes,,shape
1377,path,652.9,5265.2,5.1,6,0,#FF84C7,,,,,0.39,,,yes,,shape
1378,path,246.7,5259.2,5.1,6,0,#FFEAD5,,,,,0.39,,,yes,,shape
1379,path,251.9,5259.2,5.1,6,0,#FFEAD5,,,,,0.39,,,yes,,shape
1380,path,601.4,5217,5.1,6,0,#FF84C7,,,,,0.39,,,yes,,shape
1381,path,606.6,5217,5.1,6,0,#FF84C7,,,,,0.39,,,yes,,shape
1382,path,601.4,5211,5.1,6,0,#FF84C7,,,,,0.39,,,yes,,shape
1383,path,606.6,5211,5.1,6,0,#FF84C7,,,,,0.39,,,yes,,shape
1384,path,1218.3,5198.9,5.1,6,0,#FFEAD5,,,,,0.39,,,yes,,shape
1385,path,41.1,5180.8,5.1,6,0,#FF84C7,,,,,0.39,,,yes,,shape
1386,path,36,5174.8,5.1,6,0,#FF84C7,,,,,0.39,,,yes,,shape
1387,path,41.1,5174.8,5.1,6,0,#FFEAD5,,,,,0.39,,,yes,,shape
1388,path,46.3,5174.8,5.1,6,0,#FF84C7,,,,,0.39,,,yes,,shape
1389,path,1059,5174.8,5.1,6,0,#FFEAD5,,,,,0.39,,,yes,,shape
1390,path,41.1,5168.8,5.1,6,0,#FF84C7,,,,,0.39,,,yes,,shape
1391,path,961.3,5168.8,5.1,6,0,#FFEAD5,,,,,0.39,,,yes,,shape
1392,path,966.4,5168.8,5.1,6,0,#FFEAD5,,,,,0.39,,,yes,,shape
1393,path,1244,5168.8,5.1,6,0,#FF84C7,,,,,0.39,,,yes,,shape
1394,path,961.3,5162.7,5.1,6,0,#FFEAD5,,,,,0.39,,,yes,,shape
1395,path,966.4,5162.7,5.1,6,0,#FFEAD5,,,,,0.39,,,yes,,shape
1396,path,1238.9,5162.7,5.1,6,0,#FF84C7,,,,,0.39,,,yes,,shape
1397,path,1249.2,5162.7,5.1,6,0,#FF84C7,,,,,0.39,,,yes,,shape
1398,path,1244,5156.7,5.1,6,0,#FF84C7,,,,,0.39,,,yes,,shape
1399,path,765.9,5132.6,5.1,6,0,#FF8BC7,,,,,0.39,,,yes,,shape
1400,path,812.2,5132.6,5.1,6,0,#FF8BC7,,,,,0.39,,,yes,,shape
1401,path,812.2,5126.6,5.1,6,0,#FF8BC7,,,,,0.39,,,yes,,shape
1402,path,498.6,5120.6,5.1,6,0,#FF84C7,,,,,0.39,,,yes,,shape
1403,path,807.1,5120.6,5.1,6,0,#FF8BC7,,,,,0.39,,,yes,,shape
1404,path,812.2,5120.6,5.1,6,0,#FFEAD5,,,,,0.39,,,yes,,shape
1405,path,817.3,5120.6,5.1,6,0,#FF8BC7,,,,,0.39,,,yes,,shape
1406,path,442.1,5114.5,5.1,6,0,#FFEAD5,,,,,0.39,,,yes,,shape
1407,path,796.8,5114.5,5.1,6,0,#FF8BC7,,,,,0.39,,,yes,,shape
1408,path,801.9,5114.5,5.1,6,0,#FF8BC7,,,,,0.39,,,yes,,shape
1409,path,807.1,5114.5,5.1,6,0,#FFEAD5,,,,,0.39,,,yes,,shape
1410,path,812.2,5114.5,5.1,6,0,#FFEAD5,,,,,0.39,,,yes,,shape
1411,path,817.3,5114.5,5.1,6,0,#FFEAD5,,,,,0.39,,,yes,,shape
1412,path,822.5,5114.5,5.1,6,0,#FF8BC7,,,,,0.39,,,yes,,shape
1413,path,827.6,5114.5,5.1,6,0,#FF8BC7,,,,,0.39,,,yes,,shape
1414,path,308.4,5108.5,5.1,6,0,#FFE1BC,,,,,0.39,,,yes,,shape
1415,path,313.6,5108.5,5.1,6,0,#FFE1BC,,,,,0.39,,,yes,,shape
1416,path,807.1,5108.5,5.1,6,0,#FF8BC7,,,,,0.39,,,yes,,shape
1417,path,812.2,5108.5,5.1,6,0,#FFEAD5,,,,,0.39,,,yes,,shape
1418,path,817.3,5108.5,5.1,6,0,#FF8BC7,,,,,0.39,,,yes,,shape
1419,path,303.3,5102.5,5.1,6,0,#FF808D,,,,,0.39,,,yes,,shape
1420,path,308.4,5102.5,5.1,6,0,#FFE1BC,,,,,0.39,,,yes,,shape
1421,path,313.6,5102.5,5.1,6,0,#FFE1BC,,,,,0.39,,,yes,,shape
1422,path,812.2,5102.5,5.1,6,0,#FF8BC7,,,,,0.39,,,yes,,shape
1423,path,303.3,5096.4,5.1,6,0,#FF808D,,,,,0.39,,,yes,,shape
1424,path,308.4,5096.4,5.1,6,0,#FF808D,,,,,0.39,,,yes,,shape
1425,path,452.4,5096.4,5.1,6,0,#B96DFF,,,,,0.39,,,yes,,shape
1426,path,812.2,5096.4,5.1,6,0,#FF8BC7,,,,,0.39,,,yes,,shape
1427,path,298.2,5090.4,5.1,6,0,#FF69AA,,,,,0.39,,,yes,,shape
1428,path,293,5084.4,5.1,6,0,#FF69AA,,,,,0.39,,,yes,,shape
1429,path,102.8,5078.4,5.1,6,0,#FFE1BC,,,,,0.39,,,yes,,shape
1430,path,287.9,5078.4,5.1,6,0,#FF69AA,,,,,0.39,,,yes,,shape
1431,path,282.7,5072.3,5.1,6,0,#FF69AA,,,,,0.39,,,yes,,shape
1432,path,277.6,5066.3,5.1,6,0,#FF69AA,,,,,0.39,,,yes,,shape
1433,path,267.3,5054.3,5.1,6,0,#FF69AA,,,,,0.39,,,yes,,shape
1434,path,262.2,5048.2,5.1,6,0,#FF69AA,,,,,0.39,,,yes,,shape
1435,path,652.9,5048.2,5.1,6,0,#FFE1BC,,,,,0.39,,,yes,,shape
1436,path,1146.4,5042.2,5.1,6,0,#FFEAD5,,,,,0.39,,,yes,,shape
1437,path,251.9,5036.2,5.1,6,0,#FF69AA,,,,,0.39,,,yes,,shape
1438,path,241.6,5024.1,5.1,6,0,#FF84C7,,,,,0.39,,,yes,,shape
1439,path,226.2,5006,5.1,6,0,#FF84C7,,,,,0.39,,,yes,,shape
1440,path,940.7,5006,5.1,6,0,#FFE1BC,,,,,0.39,,,yes,,shape
1441,path,210.8,4988,5.1,6,0,#FF84C7,,,,,0.39,,,yes,,shape
1442,path,385.5,4957.8,5.1,6,0,#FF84C7,,,,,0.39,,,yes,,shape
1443,path,380.4,4951.8,5.1,6,0,#FF84C7,,,,,0.39,,,yes,,shape
1444,path,390.7,4951.8,5.1,6,0,#FF84C7,,,,,0.39,,,yes,,shape
1445,path,385.5,4945.8,5.1,6,0,#FF84C7,,,,,0.39,,,yes,,shape
1446,path,632.3,4933.7,5.1,6,0,#D09DFF,,,,,0.39,,,yes,,shape
1447,path,1038.4,4927.7,5.1,6,0,#FF84C7,,,,,0.39,,,yes,,shape
1448,path,1043.5,4927.7,5.1,6,0,#FF84C7,,,,,0.39,,,yes,,shape
1449,path,781.4,4921.7,5.1,6,0,#FFE1BC,,,,,0.39,,,yes,,shape
1450,path,786.5,4921.7,5.1,6,0,#FFE1BC,,,,,0.39,,,yes,,shape
1451,path,1038.4,4921.7,5.1,6,0,#FF84C7,,,,,0.39,,,yes,,shape
1452,path,1043.5,4921.7,5.1,6,0,#FF84C7,,,,,0.39,,,yes,,shape
1453,path,781.4,4915.6,5.1,6,0,#FFE1BC,,,,,0.39,,,yes,,shape
1454,path,786.5,4915.6,5.1,6,0,#FFE1BC,,,,,0.39,,,yes,,shape
1455,path,46.3,4909.6,5.1,6,0,#FFEAD5,,,,,0.39,,,yes,,shape
1456,path,997.3,4909.6,5.1,6,0,#FFEAD5,,,,,0.39,,,yes,,shape
1457,path,1059,4903.6,5.1,6,0,#FFEAD5,,,,,0.39,,,yes,,shape
1458,path,1172.1,4903.6,5.1,6,0,#FFEAD5,,,,,0.39,,,yes,,shape
1459,path,174.8,4897.6,5.1,6,0,#FFE1BC,,,,,0.39,,,yes,,shape
1460,path,66.8,4885.5,5.1,6,0,#B96DFF,,,,,0.39,,,yes,,shape
1461,path,652.9,4885.5,5.1,6,0,#D09DFF,,,,,0.39,,,yes,,shape
1462,path,658,4885.5,5.1,6,0,#FFEAD5,,,,,0.39,,,yes,,shape
1463,path,1069.2,4885.5,5.1,6,0,#FFEAD5,,,,,0.39,,,yes,,shape
1464,path,1074.4,4885.5,5.1,6,0,#FFEAD5,,,,,0.39,,,yes,,shape
1465,path,66.8,4879.5,5.1,6,0,#B96DFF,,,,,0.39,,,yes,,shape
1466,path,652.9,4879.5,5.1,6,0,#FFEAD5,,,,,0.39,,,yes,,shape
1467,path,658,4879.5,5.1,6,0,#D09DFF,,,,,0.39,,,yes,,shape
1468,path,1069.2,4879.5,5.1,6,0,#FFEAD5,,,,,0.39,,,yes,,shape
1469,path,1074.4,4879.5,5.1,6,0,#FFEAD5,,,,,0.39,,,yes,,shape
1470,path,1141.2,4879.5,5.1,6,0,#FFEAD5,,,,,0.39,,,yes,,shape
1471,path,1146.4,4879.5,5.1,6,0,#FFEAD5,,,,,0.39,,,yes,,shape
1472,path,56.5,4873.5,5.1,6,0,#B96DFF,,,,,0.39,,,yes,,shape
1473,path,61.7,4873.5,5.1,6,0,#B96DFF,,,,,0.39,,,yes,,shape
1474,path,72,4873.5,5.1,6,0,#B96DFF,,,,,0.39,,,yes,,shape
1475,path,77.1,4873.5,5.1,6,0,#B96DFF,,,,,0.39,,,yes,,shape
1476,path,1038.4,4873.5,5.1,6,0,#FFEAD5,,,,,0.39,,,yes,,shape
1477,path,1105.2,4873.5,5.1,6,0,#FF84C7,,,,,0.39,,,yes,,shape
1478,path,1141.2,4873.5,5.1,6,0,#FFEAD5,,,,,0.39,,,yes,,shape
1479,path,1146.4,4873.5,5.1,6,0,#FFEAD5,,,,,0.39,,,yes,,shape
1480,path,0,4867.4,5.1,6,0,#FFEAD5,,,,,0.39,,,yes,,shape
1481,path,66.8,4867.4,5.1,6,0,#B96DFF,,,,,0.39,,,yes,,shape
1482,path,1002.4,4867.4,5.1,6,0,#B96DFF,,,,,0.39,,,yes,,shape
1483,path,1007.6,4867.4,5.1,6,0,#B96DFF,,,,,0.39,,,yes,,shape
1484,path,66.8,4861.4,5.1,6,0,#B96DFF,,,,,0.39,,,yes,,shape
1485,path,1002.4,4861.4,5.1,6,0,#B96DFF,,,,,0.39,,,yes,,shape
1486,path,1007.6,4861.4,5.1,6,0,#B96DFF,,,,,0.39,,,yes,,shape
1487,path,344.4,4849.4,5.1,6,0,#FFEAD5,,,,,0.39,,,yes,,shape
1488,path,462.7,4849.4,5.1,6,0,#FFE1BC,,,,,0.39,,,yes,,shape
1489,path,318.7,4837.3,5.1,6,0,#B96DFF,,,,,0.39,,,yes,,shape
1490,path,323.9,4837.3,5.1,6,0,#B96DFF,,,,,0.39,,,yes,,shape
1491,path,318.7,4831.3,5.1,6,0,#B96DFF,,,,,0.39,,,yes,,shape
1492,path,323.9,4831.3,5.1,6,0,#B96DFF,,,,,0.39,,,yes,,shape
1493,path,1274.9,4825.2,5.1,6,0,#FFE1BC,,,,,0.39,,,yes,,shape
1494,path,735.1,4819.2,5.1,6,0,#FFE1BC,,,,,0.39,,,yes,,shape
1495,path,246.7,4801.1,5.1,6,0,#FFEAD5,,,,,0.39,,,yes,,shape
1496,path,580.9,4795.1,5.1,6,0,#FF84C7,,,,,0.39,,,yes,,shape
1497,path,262.2,4789.1,5.1,6,0,#FFEAD5,,,,,0.39,,,yes,,shape
1498,path,575.7,4789.1,5.1,6,0,#FF84C7,,,,,0.39,,,yes,,shape
1499,path,586,4789.1,5.1,6,0,#FF84C7,,,,,0.39,,,yes,,shape
1500,path,1105.2,4789.1,5.1,6,0,#FFE1BC,,,,,0.39,,,yes,,shape
1501,path,1254.3,4789.1,5.1,6,0,#FFEAD5,,,,,0.39,,,yes,,shape
1502,path,92.5,4783.1,5.1,6,0,#FFEAD5,,,,,0.39,,,yes,,shape
1503,path,580.9,4783.1,5.1,6,0,#FF84C7,,,,,0.39,,,yes,,shape
1504,path,843.1,4777,5.1,6,0,#FFEAD5,,,,,0.39,,,yes,,shape
1505,path,848.2,4777,5.1,6,0,#FFEAD5,,,,,0.39,,,yes,,shape
1506,path,843.1,4771,5.1,6,0,#FFEAD5,,,,,0.39,,,yes,,shape
1507,path,848.2,4771,5.1,6,0,#FFEAD5,,,,,0.39,,,yes,,shape
1508,path,519.2,6612,5.1,6,0,#FFE1BC,,,,,0.39,,,yes,,shape
1509,path,514.1,6606,5.1,6,0,#FFE1BC,,,,,0.39,,,yes,,shape
1510,path,524.3,6606,5.1,6,0,#FFE1BC,,,,,0.39,,,yes,,shape
1511,path,1064.1,6606,5.1,6,0,#FFEAD5,,,,,0.39,,,yes,,shape
1512,path,41.1,6599.9,5.1,6,0,#FFEAD5,,,,,0.39,,,yes,,shape
1513,path,46.3,6599.9,5.1,6,0,#FFEAD5,,,,,0.39,,,yes,,shape
1514,path,519.2,6599.9,5.1,6,0,#FFE1BC,,,,,0.39,,,yes,,shape
1515,path,745.4,6599.9,5.1,6,0,#FFEAD5,,,,,0.39,,,yes,,shape
1516,path,41.1,6593.9,5.1,6,0,#FFEAD5,,,,,0.39,,,yes,,shape
1517,path,46.3,6593.9,5.1,6,0,#FFEAD5,,,,,0.39,,,yes,,shape
1518,path,323.9,6587.9,5.1,6,0,#FFEAD5,,,,,0.39,,,yes,,shape
1519,path,776.2,6575.8,5.1,6,0,#FFEAD5,,,,,0.39,,,yes,,shape
1520,path,370.1,6557.7,5.1,6,0,#FFEAD5,,,,,0.39,,,yes,,shape
1521,path,735.1,6557.7,5.1,6,0,#FFEAD5,,,,,0.39,,,yes,,shape
1522,path,1228.6,6551.7,5.1,6,0,#FFE1BC,,,,,0.39,,,yes,,shape
1523,path,354.7,6545.7,5.1,6,0,#FFEAD5,,,,,0.39,,,yes,,shape
1524,path,1223.5,6545.7,5.1,6,0,#FFE1BC,,,,,0.39,,,yes,,shape
1525,path,1228.6,6545.7,5.1,6,0,#FFEAD5,,,,,0.39,,,yes,,shape
1526,path,1233.7,6545.7,5.2,6,0,#FFE1BC,,,,,0.39,,,yes,,shape
1527,path,1228.6,6539.7,5.1,6,0,#FFE1BC,,,,,0.39,,,yes,,shape
1528,path,884.2,6503.5,5.1,6,0,#FFEAD5,,,,,0.39,,,yes,,shape
1529,path,889.3,6503.5,5.1,6,0,#FFEAD5,,,,,0.39,,,yes,,shape
1530,path,884.2,6497.5,5.1,6,0,#FFEAD5,,,,,0.39,,,yes,,shape
1531,path,889.3,6497.5,5.1,6,0,#FFEAD5,,,,,0.39,,,yes,,shape
1532,path,200.5,6485.4,5.1,6,0,#FFE1BC,,,,,0.39,,,yes,,shape
1533,path,200.5,6479.4,5.1,6,0,#FFE1BC,,,,,0.39,,,yes,,shape
1534,path,195.3,6473.4,5.1,6,0,#FFE1BC,,,,,0.39,,,yes,,shape
1535,path,200.5,6473.4,5.1,6,0,#E8FFF4,,,,,0.39,,,yes,,shape
1536,path,205.6,6473.4,5.1,6,0,#FFE1BC,,,,,0.39,,,yes,,shape
1537,path,185.1,6467.3,5.1,6,0,#FFE1BC,,,,,0.39,,,yes,,shape
1538,path,190.2,6467.3,5.1,6,0,#FFE1BC,,,,,0.39,,,yes,,shape
1539,path,195.3,6467.3,5.1,6,0,#E8FFF4,,,,,0.39,,,yes,,shape
1540,path,200.5,6467.3,5.1,6,0,#E8FFF4,,,,,0.39,,,yes,,shape
1541,path,205.6,6467.3,5.1,6,0,#E8FFF4,,,,,0.39,,,yes,,shape
1542,path,210.8,6467.3,5.1,6,0,#FFE1BC,,,,,0.39,,,yes,,shape
1543,path,215.9,6467.3,5.1,6,0,#FFE1BC,,,,,0.39,,,yes,,shape
1544,path,195.3,6461.3,5.1,6,0,#FFE1BC,,,,,0.39,,,yes,,shape
1545,path,200.5,6461.3,5.1,6,0,#E8FFF4,,,,,0.39,,,yes,,shape
1546,path,205.6,6461.3,5.1,6,0,#FFE1BC,,,,,0.39,,,yes,,shape
1547,path,200.5,6455.3,5.1,6,0,#FFE1BC,,,,,0.39,,,yes,,shape
1548,path,200.5,6449.3,5.1,6,0,#FFE1BC,,,,,0.39,,,yes,,shape
1549,path,1007.6,6425.2,5.1,6,0,#FFEAD5,,,,,0.39,,,yes,,shape
1550,path,1012.7,6425.2,5.1,6,0,#FFEAD5,,,,,0.39,,,yes,,shape
1551,path,154.2,6419.1,5.1,6,0,#FFEAD5,,,,,0.39,,,yes,,shape
1552,path,1007.6,6419.1,5.1,6,0,#FFEAD5,,,,,0.39,,,yes,,shape
1553,path,1012.7,6419.1,5.1,6,0,#FFE1BC,,,,,0.39,,,yes,,shape
1554,path,1172.1,6419.1,5.1,6,0,#FFEAD5,,,,,0.39,,,yes,,shape
1555,path,380.4,6413.1,5.1,6,0,#FFE1BC,,,,,0.39,,,yes,,shape
1556,path,421.5,6413.1,5.1,6,0,#FFE1BC,,,,,0.39,,,yes,,shape
1557,path,426.7,6413.1,5.1,6,0,#E8FFF4,,,,,0.39,,,yes,,shape
1558,path,740.2,6413.1,5.1,6,0,#FFEAD5,,,,,0.39,,,yes,,shape
1559,path,1017.8,6413.1,5.1,6,0,#FFEAD5,,,,,0.39,,,yes,,shape
1560,path,421.5,6407.1,5.1,6,0,#E8FFF4,,,,,0.39,,,yes,,shape
1561,path,426.7,6407.1,5.1,6,0,#FFE1BC,,,,,0.39,,,yes,,shape
1562,path,1023,6407.1,5.1,6,0,#FFE1BC,,,,,0.39,,,yes,,shape
1563,path,1028.1,6401,5.1,6,0,#FFE1BC,,,,,0.39,,,yes,,shape
1564,path,1038.4,6389,5.1,6,0,#FFE1BC,,,,,0.39,,,yes,,shape
1565,path,1043.5,6383,5.1,6,0,#FFE1BC,,,,,0.39,,,yes,,shape
1566,path,1053.8,6370.9,5.1,6,0,#FFE1BC,,,,,0.39,,,yes,,shape
1567,path,1244,6364.9,5.1,6,0,#FFE1BC,,,,,0.39,,,yes,,shape
1568,path,1249.2,6364.9,5.1,6,0,#FFE1BC,,,,,0.39,,,yes,,shape
1569,path,1064.1,6358.9,5.1,6,0,#FFE1BC,,,,,0.39,,,yes,,shape
1570,path,1244,6358.9,5.1,6,0,#FFE1BC,,,,,0.39,,,yes,,shape
1571,path,1249.2,6358.9,5.1,6,0,#FFE1BC,,,,,0.39,,,yes,,shape
1572,path,1259.4,6334.8,5.1,6,0,#FFEAD5,,,,,0.39,,,yes,,shape
1573,path,1264.6,6334.8,5.1,6,0,#FFEAD5,,,,,0.39,,,yes,,shape
1574,path,1259.4,6328.7,5.1,6,0,#FFEAD5,,,,,0.39,,,yes,,shape
1575,path,1264.6,6328.7,5.1,6,0,#FFEAD5,,,,,0.39,,,yes,,shape
1576,path,611.7,6316.7,5.1,6,0,#FFEAD5,,,,,0.39,,,yes,,shape
1577,path,113.1,6304.6,5.1,6,0,#FF84C7,,,,,0.39,,,yes,,shape
1578,path,118.2,6304.6,5.1,6,0,#FFEAD5,,,,,0.39,,,yes,,shape
1579,path,113.1,6298.6,5.1,6,0,#FFEAD5,,,,,0.39,,,yes,,shape
1580,path,118.2,6298.6,5.1,6,0,#FF84C7,,,,,0.39,,,yes,,shape
1581,path,580.9,6298.6,5.1,6,0,#FFEAD5,,,,,0.39,,,yes,,shape
1582,path,843.1,6280.5,5.1,6,0,#FFEAD5,,,,,0.39,,,yes,,shape
1583,path,848.2,6280.5,5.1,6,0,#FFEAD5,,,,,0.39,,,yes,,shape
1584,path,843.1,6274.5,5.1,6,0,#FFEAD5,,,,,0.39,,,yes,,shape
1585,path,848.2,6274.5,5.1,6,0,#FFEAD5,,,,,0.39,,,yes,,shape
1586,path,87.4,6250.4,5.1,6,0,#FF84C7,,,,,0.39,,,yes,,shape
1587,path,246.7,6238.3,5.1,6,0,#FFE1BC,,,,,0.39,,,yes,,shape
1588,path,277.6,6232.3,5.1,6,0,#FFE1BC,,,,,0.39,,,yes,,shape
1589,path,282.7,6232.3,5.1,6,0,#FFE1BC,,,,,0.39,,,yes,,shape
1590,path,277.6,6226.3,5.1,6,0,#FFE1BC,,,,,0.39,,,yes,,shape
1591,path,282.7,6226.3,5.1,6,0,#FFE1BC,,,,,0.39,,,yes,,shape
1592,path,1033.3,6226.3,5.1,6,0,#FFE1BC,,,,,0.39,,,yes,,shape
1593,path,416.4,6220.2,5.1,6,0,#FFEAD5,,,,,0.39,,,yes,,shape
1594,path,652.9,6220.2,5.1,6,0,#FF84C7,,,,,0.39,,,yes,,shape
1595,path,647.7,6214.2,5.1,6,0,#FF84C7,,,,,0.39,,,yes,,shape
1596,path,652.9,6214.2,5.1,6,0,#FFEAD5,,,,,0.39,,,yes,,shape
1597,path,658,6214.2,5.1,6,0,#FF84C7,,,,,0.39,,,yes,,shape
1598,path,246.7,6208.2,5.1,6,0,#FFEAD5,,,,,0.39,,,yes,,shape
1599,path,251.9,6208.2,5.1,6,0,#FFEAD5,,,,,0.39,,,yes,,shape
1600,path,652.9,6208.2,5.1,6,0,#FF84C7,,,,,0.39,,,yes,,shape
1601,path,246.7,6202.2,5.1,6,0,#FFEAD5,,,,,0.39,,,yes,,shape
1602,path,251.9,6202.2,5.1,6,0,#FFEAD5,,,,,0.39,,,yes,,shape
1603,path,601.4,6160,5.1,6,0,#FF84C7,,,,,0.39,,,yes,,shape
1604,path,606.6,6160,5.1,6,0,#FF84C7,,,,,0.39,,,yes,,shape
1605,path,601.4,6154,5.1,6,0,#FF84C7,,,,,0.39,,,yes,,shape
1606,path,606.6,6154,5.1,6,0,#FF84C7,,,,,0.39,,,yes,,shape
1607,path,1218.3,6141.9,5.1,6,0,#FFEAD5,,,,,0.39,,,yes,,shape
1608,path,41.1,6123.8,5.1,6,0,#FF84C7,,,,,0.39,,,yes,,shape
1609,path,36,6117.8,5.1,6,0,#FF84C7,,,,,0.39,,,yes,,shape
1610,path,41.1,6117.8,5.1,6,0,#FFEAD5,,,,,0.39,,,yes,,shape
1611,path,46.3,6117.8,5.1,6,0,#FF84C7,,,,,0.39,,,yes,,shape
1612,path,1059,6117.8,5.1,6,0,#FFEAD5,,,,,0.39,,,yes,,shape
1613,path,41.1,6111.8,5.1,6,0,#FF84C7,,,,,0.39,,,yes,,shape
1614,path,961.3,6111.8,5.1,6,0,#FFEAD5,,,,,0.39,,,yes,,shape
1615,path,966.4,6111.8,5.1,6,0,#FFEAD5,,,,,0.39,,,yes,,shape
1616,path,1244,6111.8,5.1,6,0,#FF84C7,,,,,0.39,,,yes,,shape
1617,path,961.3,6105.7,5.1,6,0,#FFEAD5,,,,,0.39,,,yes,,shape
1618,path,966.4,6105.7,5.1,6,0,#FFEAD5,,,,,0.39,,,yes,,shape
1619,path,1238.9,6105.7,5.1,6,0,#FF84C7,,,,,0.39,,,yes,,shape
1620,path,1249.2,6105.7,5.1,6,0,#FF84C7,,,,,0.39,,,yes,,shape
1621,path,1244,6099.7,5.1,6,0,#FF84C7,,,,,0.39,,,yes,,shape
1622,path,765.9,6075.6,5.1,6,0,#FF8BC7,,,,,0.39,,,yes,,shape
1623,path,812.2,6075.6,5.1,6,0,#FF8BC7,,,,,0.39,,,yes,,shape
1624,path,812.2,6069.6,5.1,6,0,#FF8BC7,,,,,0.39,,,yes,,shape
1625,path,498.6,6063.6,5.1,6,0,#FF84C7,,,,,0.39,,,yes,,shape
1626,path,807.1,6063.6,5.1,6,0,#FF8BC7,,,,,0.39,,,yes,,shape
1627,path,812.2,6063.6,5.1,6,0,#FFEAD5,,,,,0.39,,,yes,,shape
1628,path,817.3,6063.6,5.1,6,0,#FF8BC7,,,,,0.39,,,yes,,shape
1629,path,442.1,6057.5,5.1,6,0,#FFEAD5,,,,,0.39,,,yes,,shape
1630,path,796.8,6057.5,5.1,6,0,#FF8BC7,,,,,0.39,,,yes,,shape
1631,path,801.9,6057.5,5.1,6,0,#FF8BC7,,,,,0.39,,,yes,,shape
1632,path,807.1,6057.5,5.1,6,0,#FFEAD5,,,,,0.39,,,yes,,shape
1633,path,812.2,6057.5,5.1,6,0,#FFEAD5,,,,,0.39,,,yes,,shape
1634,path,817.3,6057.5,5.1,6,0,#FFEAD5,,,,,0.39,,,yes,,shape
1635,path,822.5,6057.5,5.1,6,0,#FF8BC7,,,,,0.39,,,yes,,shape
1636,path,827.6,6057.5,5.1,6,0,#FF8BC7,,,,,0.39,,,yes,,shape
1637,path,308.4,6051.5,5.1,6,0,#FFE1BC,,,,,0.39,,,yes,,shape
1638,path,313.6,6051.5,5.1,6,0,#FFE1BC,,,,,0.39,,,yes,,shape
1639,path,807.1,6051.5,5.1,6,0,#FF8BC7,,,,,0.39,,,yes,,shape
1640,path,812.2,6051.5,5.1,6,0,#FFEAD5,,,,,0.39,,,yes,,shape
1641,path,817.3,6051.5,5.1,6,0,#FF8BC7,,,,,0.39,,,yes,,shape
1642,path,303.3,6045.5,5.1,6,0,#FF808D,,,,,0.39,,,yes,,shape
1643,path,308.4,6045.5,5.1,6,0,#FFE1BC,,,,,0.39,,,yes,,shape
1644,path,313.6,6045.5,5.1,6,0,#FFE1BC,,,,,0.39,,,yes,,shape
1645,path,812.2,6045.5,5.1,6,0,#FF8BC7,,,,,0.39,,,yes,,shape
1646,path,303.3,6039.4,5.1,6,0,#FF808D,,,,,0.39,,,yes,,shape
1647,path,308.4,6039.4,5.1,6,0,#FF808D,,,,,0.39,,,yes,,shape
1648,path,452.4,6039.4,5.1,6,0,#B96DFF,,,,,0.39,,,yes,,shape
1649,path,812.2,6039.4,5.1,6,0,#FF8BC7,,,,,0.39,,,yes,,shape
1650,path,298.2,6033.4,5.1,6,0,#FF69AA,,,,,0.39,,,yes,,shape
1651,path,293,6027.4,5.1,6,0,#FF69AA,,,,,0.39,,,yes,,shape
1652,path,102.8,6021.4,5.1,6,0,#FFE1BC,,,,,0.39,,,yes,,shape
1653,path,287.9,6021.4,5.1,6,0,#FF69AA,,,,,0.39,,,yes,,shape
1654,path,282.7,6015.3,5.1,6,0,#FF69AA,,,,,0.39,,,yes,,shape
1655,path,277.6,6009.3,5.1,6,0,#FF69AA,,,,,0.39,,,yes,,shape
1656,path,267.3,5997.3,5.1,6,0,#FF69AA,,,,,0.39,,,yes,,shape
1657,path,262.2,5991.2,5.1,6,0,#FF69AA,,,,,0.39,,,yes,,shape
1658,path,652.9,5991.2,5.1,6,0,#FFE1BC,,,,,0.39,,,yes,,shape
1659,path,1146.4,5985.2,5.1,6,0,#FFEAD5,,,,,0.39,,,yes,,shape
1660,path,251.9,5979.2,5.1,6,0,#FF69AA,,,,,0.39,,,yes,,shape
1661,path,241.6,5967.1,5.1,6,0,#FF84C7,,,,,0.39,,,yes,,shape
1662,path,226.2,5949,5.1,6,0,#FF84C7,,,,,0.39,,,yes,,shape
1663,path,940.7,5949,5.1,6,0,#FFE1BC,,,,,0.39,,,yes,,shape
1664,path,210.8,5931,5.1,6,0,#FF84C7,,,,,0.39,,,yes,,shape
1665,path,385.5,5900.8,5.1,6,0,#FF84C7,,,,,0.39,,,yes,,shape
1666,path,380.4,5894.8,5.1,6,0,#FF84C7,,,,,0.39,,,yes,,shape
1667,path,390.7,5894.8,5.1,6,0,#FF84C7,,,,,0.39,,,yes,,shape
1668,path,385.5,5888.8,5.1,6,0,#FF84C7,,,,,0.39,,,yes,,shape
1669,path,632.3,5876.7,5.1,6,0,#D09DFF,,,,,0.39,,,yes,,shape
1670,path,1038.4,5870.7,5.1,6,0,#FF84C7,,,,,0.39,,,yes,,shape
1671,path,1043.5,5870.7,5.1,6,0,#FF84C7,,,,,0.39,,,yes,,shape
1672,path,781.4,5864.7,5.1,6,0,#FFE1BC,,,,,0.39,,,yes,,shape
1673,path,786.5,5864.7,5.1,6,0,#FFE1BC,,,,,0.39,,,yes,,shape
1674,path,1038.4,5864.7,5.1,6,0,#FF84C7,,,,,0.39,,,yes,,shape
1675,path,1043.5,5864.7,5.1,6,0,#FF84C7,,,,,0.39,,,yes,,shape
1676,path,781.4,5858.6,5.1,6,0,#FFE1BC,,,,,0.39,,,yes,,shape
1677,path,786.5,5858.6,5.1,6,0,#FFE1BC,,,,,0.39,,,yes,,shape
1678,path,46.3,5852.6,5.1,6,0,#FFEAD5,,,,,0.39,,,yes,,shape
1679,path,997.3,5852.6,5.1,6,0,#FFEAD5,,,,,0.39,,,yes,,shape
1680,path,1059,5846.6,5.1,6,0,#FFEAD5,,,,,0.39,,,yes,,shape
1681,path,1172.1,5846.6,5.1,6,0,#FFEAD5,,,,,0.39,,,yes,,shape
1682,path,174.8,5840.6,5.1,6,0,#FFE1BC,,,,,0.39,,,yes,,shape
1683,path,66.8,5828.5,5.1,6,0,#B96DFF,,,,,0.39,,,yes,,shape
1684,path,652.9,5828.5,5.1,6,0,#D09DFF,,,,,0.39,,,yes,,shape
1685,path,658,5828.5,5.1,6,0,#FFEAD5,,,,,0.39,,,yes,,shape
1686,path,1069.2,5828.5,5.1,6,0,#FFEAD5,,,,,0.39,,,yes,,shape
1687,path,1074.4,5828.5,5.1,6,0,#FFEAD5,,,,,0.39,,,yes,,shape
1688,path,66.8,5822.5,5.1,6,0,#B96DFF,,,,,0.39,,,yes,,shape
1689,path,652.9,5822.5,5.1,6,0,#FFEAD5,,,,,0.39,,,yes,,shape
1690,path,658,5822.5,5.1,6,0,#D09DFF,,,,,0.39,,,yes,,shape
1691,path,1069.2,5822.5,5.1,6,0,#FFEAD5,,,,,0.39,,,yes,,shape
1692,path,1074.4,5822.5,5.1,6,0,#FFEAD5,,,,,0.39,,,yes,,shape
1693,path,1141.2,5822.5,5.1,6,0,#FFEAD5,,,,,0.39,,,yes,,shape
1694,path,1146.4,5822.5,5.1,6,0,#FFEAD5,,,,,0.39,,,yes,,shape
1695,path,56.5,5816.5,5.1,6,0,#B96DFF,,,,,0.39,,,yes,,shape
1696,path,61.7,5816.5,5.1,6,0,#B96DFF,,,,,0.39,,,yes,,shape
1697,path,72,5816.5,5.1,6,0,#B96DFF,,,,,0.39,,,yes,,shape
1698,path,77.1,5816.5,5.1,6,0,#B96DFF,,,,,0.39,,,yes,,shape
1699,path,1038.4,5816.5,5.1,6,0,#FFEAD5,,,,,0.39,,,yes,,shape
1700,path,1105.2,5816.5,5.1,6,0,#FF84C7,,,,,0.39,,,yes,,shape
1701,path,1141.2,5816.5,5.1,6,0,#FFEAD5,,,,,0.39,,,yes,,shape
1702,path,1146.4,5816.5,5.1,6,0,#FFEAD5,,,,,0.39,,,yes,,shape
1703,path,0,5810.4,5.1,6,0,#FFEAD5,,,,,0.39,,,yes,,shape
1704,path,66.8,5810.4,5.1,6,0,#B96DFF,,,,,0.39,,,yes,,shape
1705,path,1002.4,5810.4,5.1,6,0,#B96DFF,,,,,0.39,,,yes,,shape
1706,path,1007.6,5810.4,5.1,6,0,#B96DFF,,,,,0.39,,,yes,,shape
1707,path,66.8,5804.4,5.1,6,0,#B96DFF,,,,,0.39,,,yes,,shape
1708,path,1002.4,5804.4,5.1,6,0,#B96DFF,,,,,0.39,,,yes,,shape
1709,path,1007.6,5804.4,5.1,6,0,#B96DFF,,,,,0.39,,,yes,,shape
1710,path,344.4,5792.4,5.1,6,0,#FFEAD5,,,,,0.39,,,yes,,shape
1711,path,462.7,5792.4,5.1,6,0,#FFE1BC,,,,,0.39,,,yes,,shape
1712,path,318.7,5780.3,5.1,6,0,#B96DFF,,,,,0.39,,,yes,,shape
1713,path,323.9,5780.3,5.1,6,0,#B96DFF,,,,,0.39,,,yes,,shape
1714,path,318.7,5774.3,5.1,6,0,#B96DFF,,,,,0.39,,,yes,,shape
1715,path,323.9,5774.3,5.1,6,0,#B96DFF,,,,,0.39,,,yes,,shape
1716,path,1274.9,5768.2,5.1,6,0,#FFE1BC,,,,,0.39,,,yes,,shape
1717,path,735.1,5762.2,5.1,6,0,#FFE1BC,,,,,0.39,,,yes,,shape
1718,path,246.7,5744.1,5.1,6,0,#FFEAD5,,,,,0.39,,,yes,,shape
1719,path,580.9,5738.1,5.1,6,0,#FF84C7,,,,,0.39,,,yes,,shape
1720,path,262.2,5732.1,5.1,6,0,#FFEAD5,,,,,0.39,,,yes,,shape
1721,path,575.7,5732.1,5.1,6,0,#FF84C7,,,,,0.39,,,yes,,shape
1722,path,586,5732.1,5.1,6,0,#FF84C7,,,,,0.39,,,yes,,shape
1723,path,1105.2,5732.1,5.1,6,0,#FFE1BC,,,,,0.39,,,yes,,shape
1724,path,1254.3,5732.1,5.1,6,0,#FFEAD5,,,,,0.39,,,yes,,shape
1725,path,92.5,5726.1,5.1,6,0,#FFEAD5,,,,,0.39,,,yes,,shape
1726,path,580.9,5726.1,5.1,6,0,#FF84C7,,,,,0.39,,,yes,,shape
1727,path,843.1,5720,5.1,6,0,#FFEAD5,,,,,0.39,,,yes,,shape
1728,path,848.2,5720,5.1,6,0,#FFEAD5,,,,,0.39,,,yes,,shape
1729,path,843.1,5714,5.1,6,0,#FFEAD5,,,,,0.39,,,yes,,shape
1730,path,848.2,5714,5.1,6,0,#FFEAD5,,,,,0.39,,,yes,,shape
1731,path,1161.8,7247.6,5.1,6,0,#FF84C7,,,,,0.39,,,yes,,shape
1732,path,1156.6,7247.6,5.1,6,0,#FFEAD5,,,,,0.39,,,yes,,shape
1733,path,1161.8,7241.6,5.1,6,0,#FFEAD5,,,,,0.39,,,yes,,shape
1734,path,1156.6,7241.6,5.1,6,0,#FF84C7,,,,,0.39,,,yes,,shape
1735,path,694,7241.6,5.1,6,0,#FFEAD5,,,,,0.39,,,yes,,shape
1736,path,431.8,7223.5,5.1,6,0,#FFEAD5,,,,,0.39,,,yes,,shape
1737,path,426.7,7223.5,5.1,6,0,#FFEAD5,,,,,0.39,,,yes,,shape
1738,path,431.8,7217.5,5.1,6,0,#FFEAD5,,,,,0.39,,,yes,,shape
1739,path,426.7,7217.5,5.1,6,0,#FFEAD5,,,,,0.39,,,yes,,shape
1740,path,1187.5,7193.4,5.1,6,0,#FF84C7,,,,,0.39,,,yes,,shape
1741,path,1028.1,7181.3,5.1,6,0,#FFE1BC,,,,,0.39,,,yes,,shape
1742,path,997.3,7175.3,5.1,6,0,#FFE1BC,,,,,0.39,,,yes,,shape
1743,path,992.1,7175.3,5.1,6,0,#FFE1BC,,,,,0.39,,,yes,,shape
1744,path,997.3,7169.3,5.1,6,0,#FFE1BC,,,,,0.39,,,yes,,shape
1745,path,992.1,7169.3,5.1,6,0,#FFE1BC,,,,,0.39,,,yes,,shape
1746,path,241.6,7169.3,5.1,6,0,#FFE1BC,,,,,0.39,,,yes,,shape
1747,path,858.5,7163.2,5.1,6,0,#FFEAD5,,,,,0.39,,,yes,,shape
1748,path,622,7163.2,5.1,6,0,#FF84C7,,,,,0.39,,,yes,,shape
1749,path,627.1,7157.2,5.1,6,0,#FF84C7,,,,,0.39,,,yes,,shape
1750,path,622,7157.2,5.1,6,0,#FFEAD5,,,,,0.39,,,yes,,shape
1751,path,616.9,7157.2,5.1,6,0,#FF84C7,,,,,0.39,,,yes,,shape
1752,path,1028.1,7151.2,5.1,6,0,#FFEAD5,,,,,0.39,,,yes,,shape
1753,path,1023,7151.2,5.1,6,0,#FFEAD5,,,,,0.39,,,yes,,shape
1754,path,622,7151.2,5.1,6,0,#FF84C7,,,,,0.39,,,yes,,shape
1755,path,1028.1,7145.2,5.1,6,0,#FFEAD5,,,,,0.39,,,yes,,shape
1756,path,1023,7145.2,5.1,6,0,#FFEAD5,,,,,0.39,,,yes,,shape
1757,path,673.4,7103,5.1,6,0,#FF84C7,,,,,0.39,,,yes,,shape
1758,path,668.3,7103,5.1,6,0,#FF84C7,,,,,0.39,,,yes,,shape
1759,path,673.4,7097,5.1,6,0,#FF84C7,,,,,0.39,,,yes,,shape
1760,path,668.3,7097,5.1,6,0,#FF84C7,,,,,0.39,,,yes,,shape
1761,path,56.5,7084.9,5.1,6,0,#FFEAD5,,,,,0.39,,,yes,,shape
1762,path,1233.7,7066.8,5.1,6,0,#FF84C7,,,,,0.39,,,yes,,shape
1763,path,1238.9,7060.8,5.1,6,0,#FF84C7,,,,,0.39,,,yes,,shape
1764,path,1233.7,7060.8,5.1,6,0,#FFEAD5,,,,,0.39,,,yes,,shape
1765,path,1228.6,7060.8,5.2,6,0,#FF84C7,,,,,0.39,,,yes,,shape
1766,path,215.9,7060.8,5.1,6,0,#FFEAD5,,,,,0.39,,,yes,,shape
1767,path,1233.7,7054.8,5.1,6,0,#FF84C7,,,,,0.39,,,yes,,shape
1768,path,313.6,7054.8,5.1,6,0,#FFEAD5,,,,,0.39,,,yes,,shape
1769,path,308.4,7054.8,5.1,6,0,#FFEAD5,,,,,0.39,,,yes,,shape
1770,path,30.8,7054.8,5.1,6,0,#FF84C7,,,,,0.39,,,yes,,shape
1771,path,313.6,7048.7,5.1,6,0,#FFEAD5,,,,,0.39,,,yes,,shape
1772,path,308.4,7048.7,5.1,6,0,#FFEAD5,,,,,0.39,,,yes,,shape
1773,path,36,7048.7,5.1,6,0,#FF84C7,,,,,0.39,,,yes,,shape
1774,path,25.7,7048.7,5.1,6,0,#FF84C7,,,,,0.39,,,yes,,shape
1775,path,30.8,7042.7,5.1,6,0,#FF84C7,,,,,0.39,,,yes,,shape
1776,path,508.9,7018.6,5.1,6,0,#FF8BC7,,,,,0.39,,,yes,,shape
1777,path,462.7,7018.6,5.1,6,0,#FF8BC7,,,,,0.39,,,yes,,shape
1778,path,462.7,7012.6,5.1,6,0,#FF8BC7,,,,,0.39,,,yes,,shape
1779,path,776.2,7006.6,5.1,6,0,#FF84C7,,,,,0.39,,,yes,,shape
1780,path,467.8,7006.6,5.1,6,0,#FF8BC7,,,,,0.39,,,yes,,shape
1781,path,462.7,7006.6,5.1,6,0,#FFEAD5,,,,,0.39,,,yes,,shape
1782,path,457.5,7006.6,5.1,6,0,#FF8BC7,,,,,0.39,,,yes,,shape
1783,path,832.8,7000.5,5.1,6,0,#FFEAD5,,,,,0.39,,,yes,,shape
1784,path,478.1,7000.5,5.1,6,0,#FF8BC7,,,,,0.39,,,yes,,shape
1785,path,472.9,7000.5,5.1,6,0,#FF8BC7,,,,,0.39,,,yes,,shape
1786,path,467.8,7000.5,5.1,6,0,#FFEAD5,,,,,0.39,,,yes,,shape
1787,path,462.7,7000.5,5.1,6,0,#FFEAD5,,,,,0.39,,,yes,,shape
1788,path,457.5,7000.5,5.1,6,0,#FFEAD5,,,,,0.39,,,yes,,shape
1789,path,452.4,7000.5,5.1,6,0,#FF8BC7,,,,,0.39,,,yes,,shape
1790,path,447.2,7000.5,5.1,6,0,#FF8BC7,,,,,0.39,,,yes,,shape
1791,path,966.4,6994.5,5.1,6,0,#FFE1BC,,,,,0.39,,,yes,,shape
1792,path,961.3,6994.5,5.1,6,0,#FFE1BC,,,,,0.39,,,yes,,shape
1793,path,467.8,6994.5,5.1,6,0,#FF8BC7,,,,,0.39,,,yes,,shape
1794,path,462.7,6994.5,5.1,6,0,#FFEAD5,,,,,0.39,,,yes,,shape
1795,path,457.5,6994.5,5.1,6,0,#FF8BC7,,,,,0.39,,,yes,,shape
1796,path,971.6,6988.5,5.1,6,0,#FF808D,,,,,0.39,,,yes,,shape
1797,path,966.4,6988.5,5.1,6,0,#FFE1BC,,,,,0.39,,,yes,,shape
1798,path,961.3,6988.5,5.1,6,0,#FFE1BC,,,,,0.39,,,yes,,shape
1799,path,462.7,6988.5,5.1,6,0,#FF8BC7,,,,,0.39,,,yes,,shape
1800,path,971.6,6982.4,5.1,6,0,#FF808D,,,,,0.39,,,yes,,shape
1801,path,966.4,6982.4,5.1,6,0,#FF808D,,,,,0.39,,,yes,,shape
1802,path,822.5,6982.4,5.1,6,0,#B96DFF,,,,,0.39,,,yes,,shape
1803,path,462.7,6982.4,5.1,6,0,#FF8BC7,,,,,0.39,,,yes,,shape
1804,path,976.7,6976.4,5.1,6,0,#FF69AA,,,,,0.39,,,yes,,shape
1805,path,981.8,6970.4,5.1,6,0,#FF69AA,,,,,0.39,,,yes,,shape
1806,path,1172.1,6964.4,5.1,6,0,#FFE1BC,,,,,0.39,,,yes,,shape
1807,path,987,6964.4,5.1,6,0,#FF69AA,,,,,0.39,,,yes,,shape
1808,path,992.1,6958.3,5.1,6,0,#FF69AA,,,,,0.39,,,yes,,shape
1809,path,997.3,6952.3,5.1,6,0,#FF69AA,,,,,0.39,,,yes,,shape
1810,path,1007.6,6940.3,5.1,6,0,#FF69AA,,,,,0.39,,,yes,,shape
1811,path,1012.7,6934.2,5.1,6,0,#FF69AA,,,,,0.39,,,yes,,shape
1812,path,622,6934.2,5.1,6,0,#FFE1BC,,,,,0.39,,,yes,,shape
1813,path,128.5,6928.2,5.1,6,0,#FFEAD5,,,,,0.39,,,yes,,shape
1814,path,1023,6922.2,5.1,6,0,#FF69AA,,,,,0.39,,,yes,,shape
1815,path,1033.3,6910.1,5.1,6,0,#FF84C7,,,,,0.39,,,yes,,shape
1816,path,1048.7,6892,5.1,6,0,#FF84C7,,,,,0.39,,,yes,,shape
1817,path,334.1,6892,5.1,6,0,#FFE1BC,,,,,0.39,,,yes,,shape
1818,path,1064.1,6874,5.1,6,0,#FF84C7,,,,,0.39,,,yes,,shape
1819,path,889.3,6843.8,5.1,6,0,#FF84C7,,,,,0.39,,,yes,,shape
1820,path,894.5,6837.8,5.1,6,0,#FF84C7,,,,,0.39,,,yes,,shape
1821,path,884.2,6837.8,5.1,6,0,#FF84C7,,,,,0.39,,,yes,,shape
1822,path,889.3,6831.8,5.1,6,0,#FF84C7,,,,,0.39,,,yes,,shape
1823,path,642.6,6819.7,5.1,6,0,#D09DFF,,,,,0.39,,,yes,,shape
1824,path,236.5,6813.7,5.1,6,0,#FF84C7,,,,,0.39,,,yes,,shape
1825,path,231.3,6813.7,5.1,6,0,#FF84C7,,,,,0.39,,,yes,,shape
1826,path,493.5,6807.7,5.1,6,0,#FFE1BC,,,,,0.39,,,yes,,shape
1827,path,488.4,6807.7,5.1,6,0,#FFE1BC,,,,,0.39,,,yes,,shape
1828,path,236.5,6807.7,5.1,6,0,#FF84C7,,,,,0.39,,,yes,,shape
1829,path,231.3,6807.7,5.1,6,0,#FF84C7,,,,,0.39,,,yes,,shape
1830,path,493.5,6801.6,5.1,6,0,#FFE1BC,,,,,0.39,,,yes,,shape
1831,path,488.4,6801.6,5.1,6,0,#FFE1BC,,,,,0.39,,,yes,,shape
1832,path,1228.6,6795.6,5.2,6,0,#FFEAD5,,,,,0.39,,,yes,,shape
1833,path,277.6,6795.6,5.1,6,0,#FFEAD5,,,,,0.39,,,yes,,shape
1834,path,215.9,6789.6,5.1,6,0,#FFEAD5,,,,,0.39,,,yes,,shape
1835,path,102.8,6789.6,5.1,6,0,#FFEAD5,,,,,0.39,,,yes,,shape
1836,path,1100.1,6783.6,5.1,6,0,#FFE1BC,,,,,0.39,,,yes,,shape
1837,path,1208,6771.5,5.1,6,0,#B96DFF,,,,,0.39,,,yes,,shape
1838,path,622,6771.5,5.1,6,0,#D09DFF,,,,,0.39,,,yes,,shape
1839,path,616.9,6771.5,5.1,6,0,#FFEAD5,,,,,0.39,,,yes,,shape
1840,path,205.6,6771.5,5.1,6,0,#FFEAD5,,,,,0.39,,,yes,,shape
1841,path,200.5,6771.5,5.1,6,0,#FFEAD5,,,,,0.39,,,yes,,shape
1842,path,1208,6765.5,5.1,6,0,#B96DFF,,,,,0.39,,,yes,,shape
1843,path,622,6765.5,5.1,6,0,#FFEAD5,,,,,0.39,,,yes,,shape
1844,path,616.9,6765.5,5.1,6,0,#D09DFF,,,,,0.39,,,yes,,shape
1845,path,205.6,6765.5,5.1,6,0,#FFEAD5,,,,,0.39,,,yes,,shape
1846,path,200.5,6765.5,5.1,6,0,#FFEAD5,,,,,0.39,,,yes,,shape
1847,path,133.7,6765.5,5.1,6,0,#FFEAD5,,,,,0.39,,,yes,,shape
1848,path,128.5,6765.5,5.1,6,0,#FFEAD5,,,,,0.39,,,yes,,shape
1849,path,1218.3,6759.5,5.1,6,0,#B96DFF,,,,,0.39,,,yes,,shape
1850,path,1213.2,6759.5,5.1,6,0,#B96DFF,,,,,0.39,,,yes,,shape
1851,path,1202.9,6759.5,5.1,6,0,#B96DFF,,,,,0.39,,,yes,,shape
1852,path,1197.8,6759.5,5.1,6,0,#B96DFF,,,,,0.39,,,yes,,shape
1853,path,236.5,6759.5,5.1,6,0,#FFEAD5,,,,,0.39,,,yes,,shape
1854,path,169.6,6759.5,5.1,6,0,#FF84C7,,,,,0.39,,,yes,,shape
1855,path,133.7,6759.5,5.1,6,0,#FFEAD5,,,,,0.39,,,yes,,shape
1856,path,128.5,6759.5,5.1,6,0,#FFEAD5,,,,,0.39,,,yes,,shape
1857,path,1274.9,6753.4,5.1,6,0,#FFEAD5,,,,,0.39,,,yes,,shape
1858,path,1208,6753.4,5.1,6,0,#B96DFF,,,,,0.39,,,yes,,shape
1859,path,272.5,6753.4,5.1,6,0,#B96DFF,,,,,0.39,,,yes,,shape
1860,path,267.3,6753.4,5.1,6,0,#B96DFF,,,,,0.39,,,yes,,shape
1861,path,1208,6747.4,5.1,6,0,#B96DFF,,,,,0.39,,,yes,,shape
1862,path,272.5,6747.4,5.1,6,0,#B96DFF,,,,,0.39,,,yes,,shape
1863,path,267.3,6747.4,5.1,6,0,#B96DFF,,,,,0.39,,,yes,,shape
1864,path,930.4,6735.4,5.1,6,0,#FFEAD5,,,,,0.39,,,yes,,shape
1865,path,812.2,6735.4,5.1,6,0,#FFE1BC,,,,,0.39,,,yes,,shape
1866,path,956.1,6723.3,5.1,6,0,#B96DFF,,,,,0.39,,,yes,,shape
1867,path,951,6723.3,5.1,6,0,#B96DFF,,,,,0.39,,,yes,,shape
1868,path,956.1,6717.3,5.1,6,0,#B96DFF,,,,,0.39,,,yes,,shape
1869,path,951,6717.3,5.1,6,0,#B96DFF,,,,,0.39,,,yes,,shape
1870,path,0,6711.2,5.1,6,0,#FFE1BC,,,,,0.39,,,yes,,shape
1871,path,539.8,6705.2,5.1,6,0,#FFE1BC,,,,,0.39,,,yes,,shape
1872,path,1028.1,6687.1,5.1,6,0,#FFEAD5,,,,,0.39,,,yes,,shape
1873,path,694,6681.1,5.1,6,0,#FF84C7,,,,,0.39,,,yes,,shape
1874,path,1012.7,6675.1,5.1,6,0,#FFEAD5,,,,,0.39,,,yes,,shape
1875,path,699.1,6675.1,5.1,6,0,#FF84C7,,,,,0.39,,,yes,,shape
1876,path,688.8,6675.1,5.1,6,0,#FF84C7,,,,,0.39,,,yes,,shape
1877,path,169.6,6675.1,5.1,6,0,#FFE1BC,,,,,0.39,,,yes,,shape
1878,path,20.6,6675.1,5.1,6,0,#FFEAD5,,,,,0.39,,,yes,,shape
1879,path,1182.3,6669.1,5.1,6,0,#FFEAD5,,,,,0.39,,,yes,,shape
1880,path,694,6669.1,5.1,6,0,#FF84C7,,,,,0.39,,,yes,,shape
1881,path,431.8,6663,5.1,6,0,#FFEAD5,,,,,0.39,,,yes,,shape
1882,path,426.7,6663,5.1,6,0,#FFEAD5,,,,,0.39,,,yes,,shape
1883,path,431.8,6657,5.1,6,0,#FFEAD5,,,,,0.39,,,yes,,shape
1884,path,426.7,6657,5.1,6,0,#FFEAD5,,,,,0.39,,,yes,,shape
1885,path,90,226,1100,2066,0,#F6FDFF,,,,,1,,,yes,,shape
1886,path,90,220,1100,2078,0,#00C0E8,,,,,1,,,yes,yes,shape
1887,rect,140.5,217.5,999,8,0,#00C0E8,,#00C0E8,,,1,,,yes,,shape
1888,rect,141,2292.5,998,8,0,#00C0E8,,#00C0E8,,,1,,,yes,,shape
1889,path,166.1,398.5,78.2,15.7,0,#00C0E8,,,,,1,,,yes,,text?
1890,path,525.5,399.8,73.1,12.2,0,#3AD4FF,,,,,1,,,yes,,text?
1891,path,166.3,446.5,427.5,135.8,0,#1B1C22,,,,,1,,,yes,,shape
1892,rect,650,317,466,352,0,image(1684x2528),,,,7,1,,,yes,,image
1893,path,164,764.5,50,47,0,#00ADDC,,,,,1,,,yes,,shape
1894,path,169.3,768.8,42.1,39.9,0,#F6FDFF,,,,,1,,,yes,,shape
1895,path,177.2,776.7,18.4,18.1,0,#00ADDC,,,,,1,,,yes,,shape
1896,path,198.3,775.2,5.3,17.4,0,#00ADDC,,,,,1,,,yes,,shape
1897,path,240,774,328,28,0,#1B1C22,,,,,1,,,yes,,text?
1898,path,164.5,877.2,941.3,218.3,0,#1B1C22,,,,,1,,,yes,,shape
1899,rect,164,1205,8,44,0,#00ADDC,,,,,1,,,yes,,shape
1900,path,186.8,1215.3,281.6,21.9,0,#1B1C22,,,,,1,,,yes,,text?
1901,path,164.4,1309.1,445.4,392.3,0,#1B1C22,,,,,1,,,yes,,shape
1902,rect,667,1303,449,339,0,image(2731x4096),,,,10,1,,,yes,,image
1903,rect,164,1811,8,44,0,#00ADDC,,,,,1,,,yes,,shape
1904,path,187.9,1821.9,339.7,22.2,0,#1B1C22,,,,,1,,,yes,,text?
1905,path,164.4,1915.2,922.7,160.2,0,#1B1C22,,,,,1,,,yes,,shape
1906,rect,1114.7,197.1,175,175,30,image(1254x1254),,,,,1,,,yes,,image
1907,rect,-19,640,140,140,0,image(1254x1254),,,,,1,,,yes,,image
1908,rect,0.5,0.5,1279,7253,0,none,,#E5E7EB,,,1,,,,,shape
